date,all_complaints,noise_complaints,homeless_complaints
2010-01-01,2925,691,2
2010-01-02,3894,456,2
2010-01-03,5635,290,2
2010-01-04,9372,295,2
2010-01-05,8380,322,5
2010-01-06,6994,331,1
2010-01-07,6903,348,3
2010-01-08,6087,468,1
2010-01-09,3979,541,2
2010-01-11,7782,352,3
2010-01-12,7067,273,1
2010-01-13,6950,404,3
2010-01-14,5916,253,4
2010-01-15,5924,539,1
2010-01-16,3217,684,1
2010-01-17,2999,633,1
2010-01-18,4119,419,1
2010-01-19,6197,381,9
2010-01-20,6076,419,5
2010-01-21,6548,425,3
2010-01-22,5991,510,6
2010-01-23,3428,736,2
2010-01-25,8156,377,2
2010-01-27,6638,398,1
2010-01-29,8548,432,1
2010-01-30,6557,748,2
2010-02-01,7991,389,2
2010-02-02,7098,385,3
2010-02-03,6358,361,5
2010-02-04,6114,406,3
2010-02-05,5930,502,1
2010-02-06,3712,633,2
2010-02-07,3699,657,1
2010-02-08,7153,406,2
2010-02-09,6409,359,3
2010-02-11,6276,214,1
2010-02-12,7318,482,5
2010-02-15,4293,541,2
2010-02-16,6200,434,1
2010-02-17,7615,467,3
2010-02-18,6858,461,3
2010-02-19,6405,487,2
2010-02-21,3271,728,3
2010-02-22,6923,363,3
2010-02-23,6969,372,2
2010-02-24,7291,348,4
2010-02-25,6446,331,1
2010-02-27,4495,637,1
2010-02-28,4262,682,2
2010-03-01,7669,340,4
2010-03-02,7149,392,4
2010-03-03,7512,395,5
2010-03-04,6929,357,5
2010-03-05,6307,439,4
2010-03-06,3775,779,4
2010-03-07,3280,635,1
2010-03-09,6766,410,6
2010-03-10,6589,411,1
2010-03-11,6486,416,6
2010-03-12,6155,424,2
2010-03-13,5498,384,3
2010-03-14,6302,358,1
2010-03-15,10064,374,4
2010-03-16,7736,402,3
2010-03-17,7144,467,3
2010-03-18,6810,511,7
2010-03-19,6851,620,3
2010-03-20,3886,981,5
2010-03-21,3486,820,2
2010-03-22,6912,425,7
2010-03-23,7258,419,6
2010-03-24,6794,373,5
2010-03-25,6403,481,2
2010-03-26,6549,450,1
2010-03-27,4076,695,3
2010-03-28,3472,578,3
2010-03-29,7197,390,2
2010-03-30,9648,372,7
2010-03-31,7219,532,6
2010-04-01,6214,531,7
2010-04-02,5060,698,1
2010-04-03,3150,790,5
2010-04-04,2767,869,4
2010-04-05,6611,659,6
2010-04-06,6772,578,7
2010-04-07,6504,542,7
2010-04-08,6506,557,4
2010-04-09,6504,542,4
2010-04-11,2963,918,4
2010-04-12,6759,561,8
2010-04-13,6186,353,7
2010-04-14,6296,614,6
2010-04-15,6398,529,4
2010-04-16,6029,500,3
2010-04-17,3413,778,4
2010-04-18,3093,812,4
2010-04-19,6839,483,4
2010-04-20,6004,396,6
2010-04-21,6274,549,5
2010-04-22,5722,517,6
2010-04-23,5542,630,4
2010-04-24,3458,970,3
2010-04-25,2895,663,2
2010-04-26,6654,417,5
2010-04-27,6257,447,10
2010-04-28,6888,436,1
2010-04-30,5374,730,4
2010-05-01,3272,1010,1
2010-05-02,3222,926,6
2010-05-03,7467,466,5
2010-05-04,6221,589,14
2010-05-05,6290,602,9
2010-05-06,6177,604,3
2010-05-07,5547,661,2
2010-05-08,3906,768,3
2010-05-09,3579,618,1
2010-05-10,7474,434,4
2010-05-11,6803,499,8
2010-05-12,6415,403,5
2010-05-13,5569,502,4
2010-05-14,5639,596,4
2010-05-15,3214,972,5
2010-05-16,2939,988,1
2010-05-17,6576,646,7
2010-05-18,5622,422,5
2010-05-19,6122,524,4
2010-05-20,5691,710,6
2010-05-21,5597,726,8
2010-05-22,3629,1159,7
2010-05-23,2930,980,3
2010-05-24,5989,604,12
2010-05-25,5834,585,9
2010-05-26,5959,592,9
2010-05-27,6396,533,7
2010-05-28,5138,642,4
2010-05-29,3066,1066,3
2010-05-30,2633,1076,1
2010-05-31,3123,1064,5
2010-06-01,5989,475,6
2010-06-02,5956,399,7
2010-06-03,5705,373,4
2010-06-04,5583,525,5
2010-06-05,3198,767,2
2010-06-06,3084,719,2
2010-06-07,6554,533,6
2010-06-08,5867,584,6
2010-06-09,5136,353,5
2010-06-10,5741,610,6
2010-06-11,5001,574,3
2010-06-13,2668,873,3
2010-06-14,6553,535,3
2010-06-15,6433,627,14
2010-06-16,6091,534,11
2010-06-17,5689,514,6
2010-06-18,5209,669,4
2010-06-19,3252,970,4
2010-06-20,2956,904,3
2010-06-21,6754,576,7
2010-06-22,6484,453,9
2010-06-23,6275,367,5
2010-06-24,6415,396,10
2010-06-25,5958,534,5
2010-06-26,3381,856,4
2010-06-27,3170,630,6
2010-06-28,7266,340,11
2010-06-29,6594,312,8
2010-06-30,5852,449,11
2010-07-01,5563,564,7
2010-07-02,4997,594,8
2010-07-03,2971,832,3
2010-07-04,2262,697,4
2010-07-05,3890,572,6
2010-07-06,7529,292,6
2010-07-07,8008,265,7
2010-07-08,7093,339,9
2010-07-09,5837,461,10
2010-07-10,3367,761,7
2010-07-11,2954,684,4
2010-07-12,6670,443,6
2010-07-13,6708,361,5
2010-07-14,5820,385,10
2010-07-15,6120,424,6
2010-07-16,5805,439,8
2010-07-17,3802,758,3
2010-07-18,3080,608,4
2010-07-19,6716,368,8
2010-07-20,6654,398,11
2010-07-21,6582,353,11
2010-07-22,5723,372,4
2010-07-23,5371,383,6
2010-07-24,3724,672,3
2010-07-25,3335,603,4
2010-07-26,6618,392,12
2010-07-27,6319,486,15
2010-07-28,6501,469,5
2010-07-29,5528,378,8
2010-07-30,5164,518,13
2010-07-31,2903,773,5
2010-08-01,2559,699,4
2010-08-02,6616,533,13
2010-08-03,6341,538,9
2010-08-04,6237,453,11
2010-08-05,6116,378,7
2010-08-06,5518,489,7
2010-08-07,3172,911,3
2010-08-08,2626,777,2
2010-08-09,6214,456,13
2010-08-10,6305,386,15
2010-08-11,5939,409,10
2010-08-12,5498,385,10
2010-08-13,5348,616,3
2010-08-14,3063,1044,4
2010-08-15,2521,764,9
2010-08-16,5904,451,7
2010-08-17,6088,438,4
2010-08-18,5589,404,11
2010-08-19,5786,504,9
2010-08-20,5157,515,4
2010-08-21,3191,991,3
2010-08-22,2661,647,8
2010-08-23,6476,433,3
2010-08-24,6007,549,12
2010-08-25,5869,492,4
2010-08-26,5574,610,6
2010-08-27,5510,711,12
2010-08-28,3303,1118,2
2010-08-29,2946,939,3
2010-08-30,6163,468,11
2010-08-31,5580,292,10
2010-09-01,6233,441,15
2010-09-02,5732,402,13
2010-09-03,5624,475,12
2010-09-04,3290,1020,9
2010-09-05,2707,1147,5
2010-09-06,2860,1018,8
2010-09-07,6284,466,8
2010-09-08,5896,392,6
2010-09-09,5510,530,6
2010-09-10,5430,700,10
2010-09-11,2975,1047,6
2010-09-12,2695,878,4
2010-09-13,6189,449,7
2010-09-14,6019,564,9
2010-09-15,5936,524,10
2010-09-16,7345,360,8
2010-09-17,8637,548,9
2010-09-18,4401,1094,2
2010-09-19,3438,952,7
2010-09-20,6833,534,5
2010-09-21,6487,533,11
2010-09-22,6135,486,11
2010-09-23,6009,592,12
2010-09-24,5915,652,5
2010-09-25,3529,896,4
2010-09-26,3270,1027,5
2010-09-27,6465,443,9
2010-09-28,6504,452,4
2010-09-29,6262,557,10
2010-09-30,6627,446,8
2010-10-01,7117,532,3
2010-10-02,3684,987,9
2010-10-03,3222,849,4
2010-10-04,7049,421,7
2010-10-05,6315,470,8
2010-10-06,6309,464,4
2010-10-07,6084,513,7
2010-10-08,5803,687,8
2010-10-09,3211,928,4
2010-10-10,3030,1033,4
2010-10-11,3926,606,4
2010-10-12,6755,484,9
2010-10-13,6435,552,2
2010-10-14,6381,476,12
2010-10-15,6462,489,6
2010-10-16,4763,795,3
2010-10-17,3466,827,5
2010-10-18,7095,428,4
2010-10-19,7288,506,10
2010-10-20,7253,466,12
2010-10-21,6999,441,8
2010-10-22,6996,502,6
2010-10-24,2998,823,1
2010-10-25,6149,551,14
2010-10-26,6065,574,8
2010-10-27,5640,457,10
2010-10-28,5586,539,3
2010-10-29,5661,547,4
2010-10-30,4393,795,2
2010-10-31,3915,673,3
2010-11-01,7736,377,7
2010-11-03,7288,467,4
2010-11-04,7306,397,6
2010-11-05,7372,491,5
2010-11-06,4776,727,2
2010-11-08,8713,341,4
2010-11-09,8597,444,5
2010-11-10,8239,403,4
2010-11-11,5190,451,5
2010-11-12,6173,574,9
2010-11-13,4015,925,2
2010-11-15,6507,484,8
2010-11-16,6443,442,1
2010-11-17,6719,383,4
2010-11-18,6531,451,7
2010-11-19,6540,494,10
2010-11-20,4070,703,3
2010-11-21,3761,667,4
2010-11-22,5999,450,8
2010-11-23,5477,466,2
2010-11-24,5909,446,1
2010-11-25,2677,592,2
2010-11-26,4217,547,3
2010-11-27,4549,580,7
2010-11-28,3659,597,3
2010-11-29,7165,422,6
2010-11-30,6688,411,4
2010-12-01,7635,319,6
2010-12-02,7137,363,3
2010-12-03,6772,468,4
2010-12-04,4713,591,6
2010-12-05,4346,593,1
2010-12-06,8800,375,4
2010-12-07,8550,334,7
2010-12-08,7915,333,3
2010-12-09,7740,339,3
2010-12-10,6973,473,3
2010-12-11,4107,647,2
2010-12-12,3256,618,1
2010-12-13,7424,401,3
2010-12-14,8765,371,5
2010-12-15,8642,326,1
2010-12-16,7933,382,1
2010-12-17,6802,433,2
2010-12-18,4235,610,2
2010-12-20,6960,384,9
2010-12-21,6983,356,1
2010-12-22,6317,378,3
2010-12-23,5687,367,4
2010-12-24,3176,557,1
2010-12-28,5154,124,1
2010-12-29,6159,244,1
2010-12-30,5731,329,1
2010-12-31,4215,457,2
2011-01-02,3127,496,4
2011-01-03,7148,397,5
2011-01-04,6655,332,4
2011-01-05,6709,373,1
2011-01-06,6336,387,1
2011-01-07,5394,407,4
2011-01-08,4053,582,1
2011-01-10,7415,341,5
2011-01-11,6478,304,4
2011-01-12,6050,337,2
2011-01-13,7118,347,1
2011-01-14,6714,410,3
2011-01-15,3878,534,1
2011-01-16,3183,618,2
2011-01-17,4834,464,4
2011-01-19,6923,372,5
2011-01-20,6452,401,5
2011-01-21,5893,430,2
2011-01-22,5359,599,4
2011-01-24,9289,351,4
2011-01-25,8207,399,1
2011-01-26,6142,334,6
2011-01-27,4782,319,1
2011-01-28,6716,457,1
2011-01-29,4510,591,4
2011-01-30,3684,490,1
2011-01-31,7131,400,3
2011-02-01,6426,366,3
2011-02-02,6934,308,3
2011-02-03,7470,336,3
2011-02-04,6725,424,3
2011-02-05,3913,619,1
2011-02-06,3396,527,2
2011-02-07,6930,369,6
2011-02-08,7940,269,2
2011-02-09,8183,320,3
2011-02-11,6257,424,2
2011-02-13,3150,572,1
2011-02-14,6532,406,2
2011-02-15,7339,384,2
2011-02-16,6921,419,3
2011-02-17,6663,454,2
2011-02-18,6422,551,3
2011-02-19,4446,532,2
2011-02-20,3916,602,1
2011-02-21,4170,469,5
2011-02-22,7236,417,3
2011-02-23,6880,411,2
2011-02-25,6398,467,2
2011-02-26,3712,703,2
2011-02-28,6502,378,4
2011-03-01,6942,400,3
2011-03-02,6927,363,6
2011-03-03,7222,425,8
2011-03-04,6094,502,7
2011-03-06,3275,530,2
2011-03-07,7140,386,1
2011-03-08,6883,430,5
2011-03-10,6790,332,3
2011-03-11,6845,473,6
2011-03-12,3673,711,4
2011-03-13,2941,586,3
2011-03-14,6610,474,5
2011-03-15,7154,437,5
2011-03-16,6360,426,5
2011-03-17,6038,559,5
2011-03-18,5690,655,5
2011-03-19,3703,704,2
2011-03-20,3092,632,4
2011-03-21,6479,375,4
2011-03-22,6746,364,4
2011-03-23,6238,356,3
2011-03-24,6194,345,2
2011-03-25,5836,461,3
2011-03-26,3953,658,5
2011-03-28,6748,384,3
2011-03-29,6279,381,1
2011-03-30,6251,436,7
2011-03-31,5593,365,4
2011-04-01,5915,486,4
2011-04-02,3383,665,3
2011-04-03,2893,596,3
2011-04-04,5799,437,9
2011-04-05,5553,414,5
2011-04-06,5786,434,1
2011-04-07,6549,475,7
2011-04-08,5792,492,8
2011-04-09,3197,721,3
2011-04-10,2750,615,4
2011-04-11,5970,508,9
2011-04-12,5873,362,4
2011-04-13,6078,378,5
2011-04-14,5900,511,5
2011-04-15,5510,545,7
2011-04-17,2867,575,3
2011-04-18,6048,519,2
2011-04-19,6253,490,5
2011-04-20,6016,514,8
2011-04-21,5676,540,3
2011-04-22,4908,539,3
2011-04-23,3359,643,6
2011-04-25,6336,580,3
2011-04-26,5832,617,7
2011-04-27,6092,547,10
2011-04-28,6043,494,6
2011-04-29,5256,623,3
2011-04-30,3313,852,2
2011-05-01,2659,693,2
2011-05-02,5809,531,4
2011-05-03,6088,518,9
2011-05-04,5910,463,5
2011-05-05,5826,557,7
2011-05-06,5254,546,8
2011-05-07,2986,870,3
2011-05-08,2359,772,4
2011-05-09,5759,564,4
2011-05-10,5780,541,2
2011-05-11,6119,560,7
2011-05-12,5730,527,2
2011-05-13,5336,648,7
2011-05-14,3006,880,4
2011-05-15,2443,684,11
2011-05-16,5666,509,5
2011-05-17,6437,453,7
2011-05-18,6106,430,1
2011-05-19,5994,391,4
2011-05-20,5680,840,6
2011-05-21,3534,1109,3
2011-05-23,5588,515,4
2011-05-24,6193,651,12
2011-05-25,5647,623,8
2011-05-26,5762,686,4
2011-05-27,5394,726,6
2011-05-28,3079,974,3
2011-05-30,3277,933,1
2011-05-31,6940,497,8
2011-06-01,5875,440,10
2011-06-02,6033,478,10
2011-06-03,5498,598,3
2011-06-04,3300,984,1
2011-06-05,2504,834,3
2011-06-06,5982,574,9
2011-06-07,6242,526,12
2011-06-08,6505,426,10
2011-06-09,6505,302,10
2011-06-10,5852,446,10
2011-06-11,3203,741,4
2011-06-12,2543,774,5
2011-06-13,6004,531,5
2011-06-14,6017,487,5
2011-06-15,5869,552,4
2011-06-16,5822,616,8
2011-06-17,5449,513,9
2011-06-18,3529,1023,12
2011-06-19,2763,1018,5
2011-06-20,6132,542,9
2011-06-21,6363,681,8
2011-06-22,5847,415,7
2011-06-23,5816,440,4
2011-06-24,5285,620,3
2011-06-25,3409,994,6
2011-06-26,2495,798,5
2011-06-27,6240,564,11
2011-06-28,6523,527,6
2011-06-29,5921,417,8
2011-06-30,5726,529,9
2011-07-01,5150,605,10
2011-07-02,2975,912,2
2011-07-03,2112,795,5
2011-07-04,2790,963,2
2011-07-05,6542,551,12
2011-07-06,6437,310,11
2011-07-07,6255,513,7
2011-07-08,5424,410,7
2011-07-09,3101,815,6
2011-07-10,2820,859,9
2011-07-11,6305,425,15
2011-07-12,6669,398,13
2011-07-13,6172,444,10
2011-07-14,6243,552,5
2011-07-15,5543,630,7
2011-07-16,3151,1019,5
2011-07-17,2655,851,1
2011-07-18,6006,382,7
2011-07-19,6555,396,14
2011-07-20,6468,393,8
2011-07-21,6558,335,8
2011-07-22,7113,324,4
2011-07-23,4414,496,4
2011-07-24,3402,564,8
2011-07-25,6048,412,3
2011-07-26,6017,412,5
2011-07-27,5758,413,8
2011-07-28,5815,478,8
2011-07-29,5700,483,4
2011-07-30,3363,750,10
2011-07-31,2813,769,8
2011-08-01,6002,386,10
2011-08-02,6333,434,8
2011-08-03,5136,454,4
2011-08-04,5603,502,5
2011-08-05,5476,673,4
2011-08-06,3150,979,3
2011-08-07,2605,781,5
2011-08-08,5693,455,15
2011-08-09,6056,378,8
2011-08-10,5683,475,11
2011-08-11,5800,567,7
2011-08-12,5428,774,9
2011-08-13,3324,1096,4
2011-08-14,3493,614,3
2011-08-15,7210,454,7
2011-08-16,7008,564,5
2011-08-17,6095,613,6
2011-08-18,5860,559,12
2011-08-19,5781,589,5
2011-08-20,3419,990,5
2011-08-21,2809,839,4
2011-08-22,6311,513,10
2011-08-23,5628,415,10
2011-08-24,6179,576,10
2011-08-25,6215,349,9
2011-08-26,3331,184,5
2011-08-27,1725,227,3
2011-08-29,9266,387,3
2011-08-30,8576,601,5
2011-08-31,6632,534,6
2011-09-01,6315,717,9
2011-09-02,5776,791,8
2011-09-03,3593,1170,5
2011-09-04,2968,1258,13
2011-09-05,3588,1152,8
2011-09-06,6827,340,6
2011-09-07,6387,347,8
2011-09-08,7304,430,9
2011-09-09,6474,607,9
2011-09-10,3316,1057,8
2011-09-11,3031,904,3
2011-09-12,6553,540,5
2011-09-13,6634,485,16
2011-09-14,6462,435,9
2011-09-15,6420,437,8
2011-09-16,6307,661,10
2011-09-17,3978,1185,6
2011-09-18,2962,1083,8
2011-09-19,5883,520,5
2011-09-20,6314,510,9
2011-09-21,6174,492,21
2011-09-22,6211,505,8
2011-09-23,6719,674,8
2011-09-24,2725,938,4
2011-09-25,3149,958,3
2011-09-26,6686,464,10
2011-09-27,6706,480,9
2011-09-28,5968,448,7
2011-09-29,6092,531,8
2011-09-30,5169,614,7
2011-10-01,3155,793,4
2011-10-02,2604,820,5
2011-10-03,6315,444,4
2011-10-04,6378,456,14
2011-10-05,5967,508,5
2011-10-06,6242,540,2
2011-10-07,5748,688,6
2011-10-08,3506,1033,6
2011-10-09,2689,1012,10
2011-10-10,3841,693,6
2011-10-11,5965,537,14
2011-10-12,5542,462,5
2011-10-13,5508,375,6
2011-10-14,5956,528,7
2011-10-15,3402,873,2
2011-10-16,2810,856,2
2011-10-17,6138,435,11
2011-10-18,6448,632,4
2011-10-19,6279,441,5
2011-10-20,5764,536,6
2011-10-21,6562,585,6
2011-10-22,4239,908,5
2011-10-23,3578,864,1
2011-10-24,7051,447,8
2011-10-25,7128,443,11
2011-10-26,6867,520,6
2011-10-27,7389,443,2
2011-10-28,8658,537,4
2011-10-30,5640,566,3
2011-10-31,8755,542,2
2011-11-01,8380,480,6
2011-11-02,7405,463,8
2011-11-03,6564,443,10
2011-11-05,4382,704,4
2011-11-06,3533,748,4
2011-11-07,6081,391,7
2011-11-08,5170,517,6
2011-11-09,5724,526,8
2011-11-10,5424,467,8
2011-11-11,5189,497,2
2011-11-12,4277,771,3
2011-11-13,3346,817,3
2011-11-14,6431,483,9
2011-11-15,5765,550,5
2011-11-16,6003,503,7
2011-11-17,6735,423,6
2011-11-18,6995,521,3
2011-11-19,4368,801,2
2011-11-20,3114,820,3
2011-11-21,6767,411,7
2011-11-22,6528,352,6
2011-11-24,2864,674,1
2011-11-25,4258,690,6
2011-11-26,3207,784,3
2011-11-27,2844,718,7
2011-11-28,5705,452,2
2011-11-29,5473,428,10
2011-11-30,6699,407,2
2011-12-01,6929,478,1
2011-12-02,6212,478,1
2011-12-03,4369,791,4
2011-12-04,3077,775,2
2011-12-05,6205,510,7
2011-12-06,6041,404,5
2011-12-07,6053,467,3
2011-12-08,7436,394,3
2011-12-09,6350,541,3
2011-12-10,4136,848,4
2011-12-12,7179,472,5
2011-12-13,6581,289,3
2011-12-14,5805,391,6
2011-12-15,5809,462,8
2011-12-16,5474,567,7
2011-12-17,3911,768,1
2011-12-18,4264,668,2
2011-12-19,6830,381,1
2011-12-20,5819,444,1
2011-12-21,5162,394,1
2011-12-22,4972,465,1
2011-12-23,4256,463,4
2011-12-24,3047,627,1
2011-12-26,3404,429,1
2011-12-27,5601,356,3
2011-12-28,6309,405,5
2011-12-29,7028,503,2
2011-12-30,4599,577,2
2011-12-31,2577,703,2
2012-01-02,3734,452,6
2012-01-03,7832,356,1
2012-01-04,9839,324,1
2012-01-05,7157,343,5
2012-01-06,5959,456,3
2012-01-07,3158,766,1
2012-01-08,2994,667,2
2012-01-09,6468,425,5
2012-01-10,5972,407,5
2012-01-11,5638,403,3
2012-01-12,5630,420,6
2012-01-13,5930,471,2
2012-01-14,4475,714,2
2012-01-16,5814,433,4
2012-01-17,6374,380,2
2012-01-18,6486,395,9
2012-01-19,6809,397,1
2012-01-20,5954,515,2
2012-01-21,4318,698,7
2012-01-22,4076,699,1
2012-01-23,6152,419,2
2012-01-24,5691,464,3
2012-01-25,5535,483,2
2012-01-27,5343,615,4
2012-01-28,3509,788,2
2012-01-29,3171,698,1
2012-01-30,5849,359,5
2012-01-31,5600,406,4
2012-02-01,5451,417,3
2012-02-02,5898,407,7
2012-02-04,3349,740,3
2012-02-06,5457,373,4
2012-02-07,5569,372,5
2012-02-08,6153,441,2
2012-02-09,5353,376,2
2012-02-10,4952,450,4
2012-02-11,3433,787,2
2012-02-12,3726,657,4
2012-02-13,6110,354,6
2012-02-14,5046,424,1
2012-02-15,5210,428,3
2012-02-16,5046,414,2
2012-02-17,4844,508,3
2012-02-18,2882,805,2
2012-02-19,2832,797,2
2012-02-20,3507,512,4
2012-02-21,5565,479,5
2012-02-22,5079,486,3
2012-02-23,5043,502,4
2012-02-24,4910,469,1
2012-02-25,3436,678,4
2012-02-26,3258,720,1
2012-02-27,5252,393,3
2012-02-28,5145,443,1
2012-02-29,5156,378,2
2012-03-01,5335,407,1
2012-03-02,4856,502,3
2012-03-03,2984,720,1
2012-03-04,3001,773,2
2012-03-05,6053,415,4
2012-03-06,5962,447,1
2012-03-07,5383,461,2
2012-03-09,5032,558,4
2012-03-10,3300,771,1
2012-03-11,2767,787,3
2012-03-12,5299,555,7
2012-03-13,5347,567,4
2012-03-14,5690,653,11
2012-03-15,5425,514,3
2012-03-16,4799,554,2
2012-03-17,3137,876,5
2012-03-18,2854,881,4
2012-03-19,5314,569,7
2012-03-20,5220,480,8
2012-03-21,5662,687,4
2012-03-22,5250,661,8
2012-03-23,4935,709,5
2012-03-24,3024,975,2
2012-03-25,3021,828,1
2012-03-26,6185,427,6
2012-03-27,6044,412,3
2012-03-28,5197,518,2
2012-03-29,5464,498,1
2012-03-30,4744,536,3
2012-03-31,3360,785,1
2012-04-01,2991,856,3
2012-04-02,5347,386,6
2012-04-03,5323,533,5
2012-04-04,4888,491,6
2012-04-05,4704,347,5
2012-04-06,4023,580,5
2012-04-07,2889,812,2
2012-04-08,2385,863,3
2012-04-09,5362,488,7
2012-04-10,4990,504,9
2012-04-11,4938,506,6
2012-04-12,4787,511,4
2012-04-13,4469,708,5
2012-04-14,2948,1026,2
2012-04-15,2846,1188,3
2012-04-16,5739,790,8
2012-04-17,5219,633,9
2012-04-18,5216,476,6
2012-04-19,5073,550,4
2012-04-20,4650,686,4
2012-04-21,3009,1013,3
2012-04-22,2723,697,2
2012-04-23,5869,367,4
2012-04-24,5860,477,6
2012-04-25,5541,516,4
2012-04-26,5336,510,5
2012-04-27,5080,494,3
2012-04-28,3463,893,1
2012-04-29,2499,927,1
2012-04-30,5272,438,6
2012-05-01,5329,524,7
2012-05-02,5066,442,2
2012-05-03,4896,478,5
2012-05-04,5061,660,3
2012-05-05,2688,1015,7
2012-05-06,2730,1040,3
2012-05-07,5297,558,6
2012-05-08,5100,462,1
2012-05-09,5377,494,3
2012-05-10,4921,528,5
2012-05-11,4801,689,5
2012-05-12,2979,1064,2
2012-05-13,2744,1331,1
2012-05-14,5344,597,7
2012-05-15,4762,476,8
2012-05-16,5564,597,9
2012-05-17,5008,531,9
2012-05-18,5133,937,7
2012-05-19,3177,1129,3
2012-05-20,2923,1187,5
2012-05-21,5668,458,5
2012-05-22,5629,470,6
2012-05-23,5760,634,10
2012-05-24,5171,513,5
2012-05-25,4941,785,3
2012-05-26,2978,1108,6
2012-05-27,2892,1343,1
2012-05-28,3655,1421,7
2012-05-29,6448,500,9
2012-05-30,6096,428,5
2012-05-31,5846,567,10
2012-06-01,5265,531,6
2012-06-02,3267,952,9
2012-06-03,2787,1014,1
2012-06-04,5552,463,12
2012-06-05,5421,497,8
2012-06-06,5347,642,7
2012-06-07,5106,666,6
2012-06-08,5038,737,5
2012-06-09,3466,1246,7
2012-06-10,2833,1126,3
2012-06-11,5692,592,15
2012-06-12,5031,413,9
2012-06-13,5923,487,5
2012-06-14,5502,645,4
2012-06-15,5114,755,11
2012-06-16,3562,1489,6
2012-06-17,3195,1469,2
2012-06-18,6067,666,10
2012-06-19,5854,561,8
2012-06-20,5940,457,7
2012-06-21,6868,475,8
2012-06-22,5982,393,8
2012-06-23,4039,1052,3
2012-06-24,3236,1038,3
2012-06-25,5962,392,12
2012-06-26,5625,489,10
2012-06-27,5469,401,4
2012-06-28,5945,663,8
2012-06-29,5660,516,8
2012-06-30,4334,957,3
2012-07-01,3659,883,5
2012-07-02,6441,431,12
2012-07-03,5881,541,17
2012-07-04,3187,926,7
2012-07-05,6309,516,5
2012-07-06,5645,437,7
2012-07-07,4133,868,5
2012-07-08,3483,758,5
2012-07-09,6165,431,14
2012-07-10,5961,393,13
2012-07-11,5840,500,12
2012-07-12,5632,464,20
2012-07-13,5273,542,12
2012-07-14,3289,937,8
2012-07-15,2874,847,10
2012-07-16,5809,339,13
2012-07-17,5792,385,16
2012-07-18,6006,279,5
2012-07-19,5734,432,8
2012-07-20,4612,497,8
2012-07-21,3303,1274,3
2012-07-22,3065,1282,7
2012-07-23,5266,389,19
2012-07-24,5674,439,11
2012-07-25,5408,489,4
2012-07-26,5635,385,11
2012-07-27,5406,442,10
2012-07-28,3325,925,10
2012-07-29,3048,1108,9
2012-07-30,5710,515,17
2012-07-31,5427,497,10
2012-08-01,5354,450,7
2012-08-02,5418,428,3
2012-08-03,5195,548,6
2012-08-04,3104,872,10
2012-08-05,2921,774,11
2012-08-06,5887,412,14
2012-08-07,5830,501,12
2012-08-08,5512,451,13
2012-08-09,5114,431,4
2012-08-10,5138,452,7
2012-08-11,3142,977,10
2012-08-12,3039,1212,12
2012-08-13,5716,469,10
2012-08-14,5627,479,16
2012-08-15,6004,398,6
2012-08-16,5341,311,7
2012-08-17,5105,674,7
2012-08-18,3664,1238,7
2012-08-19,3211,1347,8
2012-08-20,5350,554,12
2012-08-21,5571,612,11
2012-08-22,5256,523,14
2012-08-23,5078,574,10
2012-08-24,4995,724,14
2012-08-25,3652,1439,6
2012-08-26,3101,1326,9
2012-08-27,5327,487,14
2012-08-28,5075,443,11
2012-08-29,5438,518,10
2012-08-30,5321,629,10
2012-08-31,4309,690,8
2012-09-01,3318,1209,9
2012-09-02,3111,1409,7
2012-09-03,3099,1035,11
2012-09-04,5373,407,17
2012-09-05,5233,346,10
2012-09-06,5415,424,14
2012-09-07,4903,541,17
2012-09-08,4146,937,6
2012-09-09,3167,1063,9
2012-09-10,6121,513,13
2012-09-11,5638,525,7
2012-09-12,5446,641,10
2012-09-13,5315,588,11
2012-09-14,4877,772,8
2012-09-15,3615,1448,4
2012-09-16,3195,1383,6
2012-09-17,5121,594,12
2012-09-18,5990,392,6
2012-09-19,5727,476,12
2012-09-20,5063,472,6
2012-09-21,5257,814,9
2012-09-22,3484,1252,8
2012-09-23,3059,1209,7
2012-09-24,5475,552,8
2012-09-25,5601,537,14
2012-09-26,4941,570,8
2012-09-27,5482,606,13
2012-09-28,5579,686,6
2012-09-29,3378,1377,4
2012-09-30,3056,1242,9
2012-10-01,5204,561,6
2012-10-02,5046,451,11
2012-10-03,5597,567,11
2012-10-04,5416,545,9
2012-10-05,5029,728,7
2012-10-06,3222,1075,9
2012-10-07,2857,939,4
2012-10-08,4293,590,6
2012-10-09,5565,405,9
2012-10-10,5594,552,15
2012-10-11,6089,487,11
2012-10-12,6462,548,6
2012-10-13,4784,979,6
2012-10-14,3034,909,6
2012-10-15,5841,449,10
2012-10-16,5635,423,11
2012-10-17,6041,544,12
2012-10-18,5237,489,13
2012-10-19,4602,632,4
2012-10-20,3407,1135,6
2012-10-21,3005,973,7
2012-10-22,5422,523,6
2012-10-23,5329,504,12
2012-10-24,5346,487,10
2012-10-25,5247,611,14
2012-10-26,5041,803,7
2012-10-27,3766,1359,4
2012-10-28,2229,877,5
2012-10-29,6190,169,2
2012-10-30,6141,89,1
2012-10-31,7017,155,2
2012-11-01,6130,260,2
2012-11-02,7222,314,5
2012-11-05,7274,226,4
2012-11-06,6903,294,3
2012-11-07,8584,263,2
2012-11-08,9387,279,3
2012-11-09,6420,419,5
2012-11-10,4204,741,1
2012-11-11,3360,675,6
2012-11-12,4757,462,11
2012-11-13,6110,344,3
2012-11-14,6304,403,6
2012-11-15,6324,395,11
2012-11-17,3939,776,5
2012-11-18,3908,780,4
2012-11-19,6914,396,4
2012-11-20,6058,383,8
2012-11-21,4656,417,2
2012-11-22,2565,643,1
2012-11-23,4080,680,3
2012-11-24,4163,684,6
2012-11-25,4054,626,8
2012-11-26,6774,363,6
2012-11-27,6868,366,3
2012-11-28,6558,407,2
2012-11-29,6469,424,7
2012-11-30,5705,514,4
2012-12-01,4595,796,2
2012-12-02,3125,828,5
2012-12-03,5788,400,8
2012-12-04,5571,407,4
2012-12-05,5865,430,6
2012-12-06,6283,425,2
2012-12-07,5632,551,7
2012-12-08,3560,907,9
2012-12-09,3354,827,1
2012-12-10,5702,421,5
2012-12-11,5764,416,10
2012-12-12,5965,518,5
2012-12-13,5778,450,4
2012-12-14,5225,589,7
2012-12-15,3712,883,7
2012-12-16,3329,816,5
2012-12-17,5824,374,11
2012-12-18,5481,390,5
2012-12-19,5752,422,4
2012-12-20,5426,456,3
2012-12-21,5855,464,4
2012-12-22,4322,664,2
2012-12-23,3320,748,1
2012-12-26,6260,368,3
2012-12-27,7573,386,6
2012-12-28,5934,532,1
2012-12-29,3890,660,1
2012-12-30,4096,729,1
2012-12-31,5025,548,4
2013-01-01,3343,682,4
2013-01-02,7055,392,3
2013-01-03,6683,433,6
2013-01-04,6063,463,2
2013-01-05,4067,760,4
2013-01-06,3392,763,3
2013-01-07,6080,412,7
2013-01-08,6251,405,6
2013-01-09,5824,470,14
2013-01-10,5708,444,6
2013-01-11,5336,514,3
2013-01-12,3527,937,4
2013-01-13,3080,889,3
2013-01-14,5378,455,6
2013-01-15,5809,381,5
2013-01-16,5609,407,3
2013-01-17,5177,448,8
2013-01-18,5961,548,4
2013-01-19,3789,837,1
2013-01-20,2584,777,2
2013-01-21,5123,575,3
2013-01-22,8093,404,1
2013-01-23,8297,408,5
2013-01-24,11698,411,3
2013-01-25,8145,557,1
2013-01-26,5506,712,1
2013-01-27,4685,819,4
2013-01-28,6885,467,4
2013-01-29,6243,424,4
2013-01-30,5945,431,3
2013-01-31,6945,440,4
2013-02-01,6563,502,5
2013-02-02,4720,863,6
2013-02-03,3898,874,1
2013-02-04,6417,440,7
2013-02-05,6491,407,3
2013-02-06,6100,448,1
2013-02-07,5999,408,6
2013-02-09,3693,672,4
2013-02-12,5803,447,2
2013-02-13,5901,477,9
2013-02-14,5445,531,5
2013-02-15,5137,609,6
2013-02-16,3552,822,4
2013-02-17,3708,784,3
2013-02-18,5350,507,4
2013-02-19,6240,423,5
2013-02-20,5749,388,4
2013-02-22,6009,543,4
2013-02-23,3809,911,3
2013-02-24,3519,897,3
2013-02-25,6089,468,8
2013-02-26,5644,413,3
2013-02-27,6612,418,3
2013-02-28,5592,511,4
2013-03-01,5038,528,4
2013-03-03,3408,799,2
2013-03-04,5975,383,5
2013-03-06,6533,435,3
2013-03-07,5865,441,2
2013-03-08,5085,540,3
2013-03-09,3571,879,1
2013-03-11,6076,509,4
2013-03-12,5892,453,4
2013-03-13,5756,535,1
2013-03-14,6069,409,4
2013-03-15,5423,694,4
2013-03-16,3632,915,1
2013-03-17,3359,931,1
2013-03-18,6381,466,1
2013-03-19,6373,418,3
2013-03-20,5836,487,6
2013-03-21,5385,498,4
2013-03-22,5642,577,3
2013-03-24,3139,943,1
2013-03-25,5406,485,6
2013-03-26,5458,502,1
2013-03-27,5577,566,5
2013-03-28,4965,593,3
2013-03-29,4455,722,2
2013-03-30,3185,936,3
2013-03-31,2758,910,2
2013-04-01,5661,525,8
2013-04-02,5868,478,5
2013-04-03,6048,467,2
2013-04-04,5698,517,2
2013-04-05,5363,586,2
2013-04-06,3465,956,3
2013-04-07,3159,916,3
2013-04-08,5803,547,6
2013-04-09,5598,679,4
2013-04-10,5538,594,6
2013-04-11,5292,507,7
2013-04-12,5537,579,1
2013-04-13,3619,1079,2
2013-04-14,3219,1017,3
2013-04-15,5429,568,4
2013-04-16,5689,543,6
2013-04-17,5427,632,17
2013-04-18,5192,581,4
2013-04-19,5007,688,3
2013-04-20,3380,1022,9
2013-04-21,3581,1008,7
2013-04-22,5715,515,6
2013-04-23,5920,454,10
2013-04-24,5266,566,3
2013-04-25,5387,563,9
2013-04-26,5150,721,5
2013-04-27,3831,1247,2
2013-04-28,3335,1275,1
2013-04-29,5455,523,8
2013-04-30,5315,552,5
2013-05-01,5362,599,7
2013-05-02,4879,676,4
2013-05-03,5354,726,7
2013-05-04,3591,1299,6
2013-05-05,3267,1245,9
2013-05-06,5740,664,8
2013-05-07,5369,637,11
2013-05-08,6391,517,7
2013-05-09,5500,635,7
2013-05-10,4467,696,4
2013-05-11,3848,1368,7
2013-05-12,3494,1340,5
2013-05-13,5918,545,7
2013-05-14,5512,561,4
2013-05-15,5324,593,5
2013-05-16,5379,741,5
2013-05-17,4985,1001,7
2013-05-18,4057,1535,3
2013-05-19,3122,1149,6
2013-05-20,6070,685,13
2013-05-21,5629,736,4
2013-05-22,5695,665,11
2013-05-23,5268,522,6
2013-05-24,4340,498,5
2013-05-25,3389,806,3
2013-05-26,3401,1437,5
2013-05-27,3608,1581,8
2013-05-28,5656,632,11
2013-05-29,5919,616,10
2013-05-30,5872,763,7
2013-05-31,5426,745,9
2013-06-02,3549,1119,4
2013-06-03,5491,376,8
2013-06-04,5766,562,10
2013-06-05,6043,710,8
2013-06-06,5524,594,14
2013-06-07,5346,445,26
2013-06-08,4390,1348,4
2013-06-09,3979,1717,4
2013-06-10,5639,498,13
2013-06-11,6249,515,9
2013-06-12,6106,685,8
2013-06-13,5740,461,4
2013-06-14,5572,651,7
2013-06-15,3973,1778,2
2013-06-16,3770,1948,7
2013-06-17,5944,637,9
2013-06-18,5947,464,15
2013-06-19,5720,677,9
2013-06-20,5570,714,5
2013-06-21,5393,984,6
2013-06-22,3894,1605,8
2013-06-23,3528,1413,9
2013-06-24,6025,532,8
2013-06-25,6006,470,13
2013-06-26,5692,480,6
2013-06-27,5687,417,7
2013-06-28,5535,578,7
2013-06-29,3611,1228,5
2013-06-30,3137,1114,6
2013-07-01,5723,464,7
2013-07-02,5700,426,9
2013-07-03,5568,476,5
2013-07-04,3192,1043,5
2013-07-05,4670,706,6
2013-07-06,3390,983,3
2013-07-07,3400,942,6
2013-07-08,6122,340,16
2013-07-09,6274,389,12
2013-07-10,6004,378,17
2013-07-11,5475,431,8
2013-07-12,4983,471,8
2013-07-13,3284,1067,5
2013-07-14,3425,1106,6
2013-07-15,6161,400,18
2013-07-16,6399,414,4
2013-07-17,6451,403,15
2013-07-18,6299,386,8
2013-07-19,5999,412,7
2013-07-20,3829,771,5
2013-07-21,3728,1069,9
2013-07-22,6127,431,12
2013-07-23,5823,371,15
2013-07-24,5655,443,11
2013-07-25,5352,560,13
2013-07-26,5398,757,16
2013-07-27,3490,1418,6
2013-07-28,3095,1178,10
2013-07-29,5956,430,22
2013-07-30,5511,509,14
2013-07-31,5567,605,17
2013-08-01,4856,434,8
2013-08-02,5072,694,8
2013-08-03,3315,1334,9
2013-08-04,3238,1401,17
2013-08-05,5880,649,16
2013-08-06,5922,593,18
2013-08-07,5282,620,15
2013-08-08,4976,520,14
2013-08-09,4704,506,10
2013-08-10,3245,1360,11
2013-08-11,3122,1392,13
2013-08-12,5381,532,23
2013-08-13,5600,517,16
2013-08-14,5392,651,11
2013-08-15,5313,762,8
2013-08-16,5163,950,15
2013-08-17,3790,1646,9
2013-08-18,3412,1505,12
2013-08-19,5368,572,18
2013-08-20,5451,563,22
2013-08-21,4929,547,16
2013-08-22,5009,503,24
2013-08-23,4926,743,13
2013-08-24,3606,1676,13
2013-08-25,3282,1620,8
2013-08-26,5102,524,22
2013-08-27,5116,518,17
2013-08-28,5220,484,17
2013-08-29,5184,574,19
2013-08-30,4469,760,15
2013-08-31,3164,1323,15
2013-09-01,3077,1408,19
2013-09-02,3122,876,10
2013-09-03,5696,554,26
2013-09-04,5210,619,10
2013-09-05,5219,616,10
2013-09-06,4712,826,9
2013-09-07,3728,1564,9
2013-09-08,3449,1419,16
2013-09-09,5233,602,22
2013-09-10,5305,571,14
2013-09-11,5374,452,14
2013-09-12,5342,326,26
2013-09-13,4783,647,14
2013-09-14,3136,1245,10
2013-09-15,3263,1385,13
2013-09-16,5315,522,18
2013-09-17,4991,536,15
2013-09-18,5815,613,16
2013-09-19,4884,356,8
2013-09-20,4443,752,12
2013-09-21,3742,1400,16
2013-09-22,3091,1041,13
2013-09-23,4734,540,9
2013-09-24,5692,639,23
2013-09-25,5221,724,16
2013-09-26,4975,685,22
2013-09-27,4687,758,14
2013-09-28,3495,1508,6
2013-09-29,3205,1370,13
2013-09-30,5055,573,14
2013-10-01,5272,557,14
2013-10-02,5342,648,18
2013-10-03,5334,691,5
2013-10-04,5280,721,31
2013-10-05,3227,1272,12
2013-10-06,2866,1111,9
2013-10-07,5512,489,21
2013-10-08,5592,565,23
2013-10-09,5522,641,13
2013-10-10,5106,582,11
2013-10-11,4626,701,7
2013-10-12,2901,1150,6
2013-10-13,2589,1118,8
2013-10-14,3715,663,15
2013-10-15,5241,605,23
2013-10-16,5433,660,16
2013-10-17,5092,686,18
2013-10-18,5009,826,12
2013-10-19,3420,1266,10
2013-10-20,2979,1070,11
2013-10-21,5748,573,13
2013-10-22,5446,531,21
2013-10-23,6680,564,14
2013-10-24,6929,517,8
2013-10-25,6703,616,8
2013-10-26,4211,1139,4
2013-10-27,3437,1135,7
2013-10-28,5678,483,21
2013-10-29,6229,450,18
2013-10-30,5533,557,12
2013-10-31,4984,656,13
2013-11-01,4890,756,3
2013-11-02,3525,1392,7
2013-11-03,3890,1102,7
2013-11-04,6317,436,7
2013-11-05,5710,560,8
2013-11-06,5350,542,11
2013-11-07,5240,499,12
2013-11-08,6062,657,5
2013-11-09,3620,955,3
2013-11-10,3398,955,12
2013-11-11,4440,556,10
2013-11-12,7020,359,14
2013-11-13,7105,449,3
2013-11-14,6210,437,4
2013-11-15,5272,652,9
2013-11-16,3995,1104,4
2013-11-17,3008,1059,10
2013-11-18,5642,406,8
2013-11-19,6676,460,12
2013-11-20,6057,453,4
2013-11-21,6214,557,6
2013-11-22,4410,617,7
2013-11-23,2496,1014,7
2013-11-24,6055,770,2
2013-11-25,9450,385,9
2013-11-26,7162,375,6
2013-11-27,5681,432,8
2013-11-28,3181,708,2
2013-11-29,4460,767,1
2013-11-30,4209,822,9
2013-12-01,3262,864,6
2013-12-02,5255,432,21
2013-12-03,5698,502,11
2013-12-04,5566,497,6
2013-12-05,5461,552,11
2013-12-06,5212,570,10
2013-12-07,3904,928,6
2013-12-09,6334,397,9
2013-12-10,6235,451,5
2013-12-11,6509,427,4
2013-12-12,7346,449,5
2013-12-13,6489,576,3
2013-12-14,4352,855,2
2013-12-15,4477,728,6
2013-12-16,6759,454,4
2013-12-17,6230,426,4
2013-12-18,6029,396,4
2013-12-19,5558,437,5
2013-12-20,5052,595,8
2013-12-21,3406,1007,9
2013-12-22,3256,978,7
2013-12-23,5219,529,11
2013-12-24,4298,659,3
2013-12-26,5696,453,4
2013-12-27,5006,482,4
2013-12-28,3273,743,1
2013-12-30,5656,540,6
2013-12-31,5033,585,7
2014-01-01,3829,961,2
2014-01-02,6068,335,8
2014-01-03,6278,453,8
2014-01-04,7393,619,2
2014-01-05,5598,755,8
2014-01-06,6882,385,11
2014-01-07,11210,381,14
2014-01-08,10923,402,9
2014-01-09,8620,394,13
2014-01-10,6655,487,1
2014-01-11,4399,926,4
2014-01-12,4588,1002,6
2014-01-13,6397,489,3
2014-01-14,6717,454,5
2014-01-15,6556,491,6
2014-01-16,6500,522,7
2014-01-17,6308,626,10
2014-01-18,4060,967,6
2014-01-19,4327,980,7
2014-01-20,4673,644,7
2014-01-21,6686,419,17
2014-01-22,8606,350,9
2014-01-23,10020,375,6
2014-01-24,8984,477,6
2014-01-25,6452,869,4
2014-01-26,5462,910,5
2014-01-27,7729,453,9
2014-01-28,8300,478,2
2014-01-29,7765,523,6
2014-01-30,8086,524,8
2014-01-31,5966,615,4
2014-02-01,4639,1065,6
2014-02-02,3552,1001,3
2014-02-03,6051,482,7
2014-02-04,6839,439,10
2014-02-06,8783,424,4
2014-02-07,7635,594,8
2014-02-08,5603,897,4
2014-02-09,4704,826,6
2014-02-10,7237,453,5
2014-02-11,7731,431,4
2014-02-12,7210,438,8
2014-02-13,6284,447,6
2014-02-14,6710,521,5
2014-02-16,4914,837,2
2014-02-17,6873,671,6
2014-02-18,6830,542,6
2014-02-19,7120,538,6
2014-02-20,6588,411,3
2014-02-21,6763,763,1
2014-02-22,4431,1063,3
2014-02-23,4397,1031,1
2014-02-24,7342,471,9
2014-02-25,7376,478,9
2014-02-26,7179,433,5
2014-02-27,7156,464,8
2014-02-28,7549,664,8
2014-03-01,4828,1061,3
2014-03-02,4138,924,2
2014-03-03,6577,444,5
2014-03-04,6972,490,4
2014-03-05,6671,465,6
2014-03-06,6885,501,7
2014-03-07,5881,635,10
2014-03-08,4417,1084,4
2014-03-09,3962,959,2
2014-03-10,6316,511,3
2014-03-11,6096,602,12
2014-03-12,6049,546,9
2014-03-13,6832,470,6
2014-03-14,6397,663,9
2014-03-15,4207,1163,8
2014-03-16,4348,1166,1
2014-03-17,6176,570,12
2014-03-18,6565,574,7
2014-03-19,6506,524,6
2014-03-20,6296,608,8
2014-03-21,5874,725,5
2014-03-22,4607,1172,3
2014-03-23,4201,1100,3
2014-03-24,7166,567,7
2014-03-25,6018,493,15
2014-03-26,6137,533,11
2014-03-27,5983,594,5
2014-03-28,5254,782,9
2014-03-29,4025,1087,3
2014-03-30,4505,860,1
2014-03-31,6298,504,8
2014-04-01,6241,656,6
2014-04-02,6074,679,6
2014-04-03,6031,695,6
2014-04-04,5780,671,3
2014-04-05,4342,1028,7
2014-04-06,3855,1157,5
2014-04-07,5903,514,11
2014-04-08,6280,611,11
2014-04-09,5830,616,6
2014-04-10,5821,654,5
2014-04-11,5716,857,3
2014-04-12,3908,1456,6
2014-04-13,3917,1531,9
2014-04-14,5875,817,11
2014-04-15,5172,554,10
2014-04-16,6105,581,6
2014-04-17,5940,661,6
2014-04-18,5014,776,1
2014-04-19,3580,1297,5
2014-04-20,3265,1286,1
2014-04-21,5856,753,5
2014-04-22,5624,668,8
2014-04-23,5902,608,13
2014-04-24,5842,645,9
2014-04-25,5516,803,13
2014-04-26,4176,1415,9
2014-04-27,3802,1322,10
2014-04-28,6115,718,14
2014-04-29,5964,513,6
2014-04-30,7301,383,6
2014-05-01,7918,705,8
2014-05-02,5923,1014,10
2014-05-03,4479,1625,5
2014-05-04,3850,1433,6
2014-05-05,6569,739,18
2014-05-06,6419,731,17
2014-05-07,5879,672,18
2014-05-08,6189,686,8
2014-05-09,5727,898,10
2014-05-10,4500,1638,10
2014-05-11,4426,2133,14
2014-05-12,6753,997,10
2014-05-13,6214,744,17
2014-05-14,6265,721,8
2014-05-15,5735,525,10
2014-05-16,6192,851,7
2014-05-17,5090,1836,9
2014-05-18,4528,1931,11
2014-05-19,6165,728,5
2014-05-20,6463,872,12
2014-05-21,6528,872,18
2014-05-22,5874,713,8
2014-05-23,5546,837,9
2014-05-24,3882,1419,9
2014-05-25,4585,2516,7
2014-05-26,4817,2372,16
2014-05-27,7074,861,18
2014-05-28,6330,615,12
2014-05-29,6033,694,9
2014-05-30,6399,960,19
2014-05-31,4697,2033,10
2014-06-01,4629,2152,13
2014-06-02,6377,938,15
2014-06-03,6304,746,8
2014-06-04,6382,860,17
2014-06-05,5941,750,9
2014-06-06,5964,1120,8
2014-06-07,4725,2106,6
2014-06-08,4492,2108,3
2014-06-09,6829,740,19
2014-06-10,6891,847,22
2014-06-11,6283,792,13
2014-06-12,6087,732,8
2014-06-13,6429,770,7
2014-06-14,4868,2109,8
2014-06-15,4909,2700,13
2014-06-16,7050,1036,16
2014-06-17,6852,741,18
2014-06-18,7039,641,7
2014-06-19,6570,669,14
2014-06-20,6439,1062,19
2014-06-21,5112,2285,7
2014-06-22,4554,2101,17
2014-06-23,6543,811,17
2014-06-24,7189,836,12
2014-06-25,6441,661,14
2014-06-26,6662,730,14
2014-06-27,6348,1138,15
2014-06-28,4697,2116,16
2014-06-29,4454,1945,6
2014-06-30,6455,849,15
2014-07-01,6554,720,20
2014-07-02,6742,471,20
2014-07-03,6382,471,16
2014-07-04,3440,1264,10
2014-07-05,4559,2139,15
2014-07-06,4268,1936,10
2014-07-07,6825,640,22
2014-07-08,6982,515,22
2014-07-09,7544,533,19
2014-07-10,6683,691,20
2014-07-11,6085,937,20
2014-07-12,4456,1691,17
2014-07-13,3986,1742,14
2014-07-14,6614,437,32
2014-07-15,7103,380,16
2014-07-16,6779,669,15
2014-07-17,6388,770,13
2014-07-18,6024,1045,28
2014-07-19,4405,2023,13
2014-07-20,4241,1825,9
2014-07-21,6467,778,29
2014-07-22,6215,683,21
2014-07-23,6045,481,18
2014-07-24,6083,691,19
2014-07-25,5818,1020,16
2014-07-26,4569,1912,8
2014-07-27,4134,1721,18
2014-07-28,6557,727,21
2014-07-29,6050,834,14
2014-07-30,5901,796,22
2014-07-31,5624,751,14
2014-08-01,5475,969,28
2014-08-02,4217,1810,9
2014-08-03,3947,1770,16
2014-08-04,5224,559,21
2014-08-05,6401,797,26
2014-08-06,6034,737,29
2014-08-07,5895,787,30
2014-08-08,6059,1050,21
2014-08-09,4399,2016,9
2014-08-10,4160,1896,23
2014-08-11,6223,736,28
2014-08-12,5732,544,21
2014-08-13,6247,608,22
2014-08-14,5540,837,26
2014-08-15,5278,1104,17
2014-08-16,4683,2331,16
2014-08-17,3977,1979,14
2014-08-18,5953,821,34
2014-08-19,6184,773,27
2014-08-20,5959,773,23
2014-08-21,5499,725,32
2014-08-22,5045,797,26
2014-08-23,4610,2260,15
2014-08-24,4250,2085,17
2014-08-25,5806,788,26
2014-08-26,5962,689,38
2014-08-27,5518,647,35
2014-08-28,5765,779,34
2014-08-29,5199,1049,25
2014-08-30,4088,2050,11
2014-08-31,3948,1897,17
2014-09-01,3974,1447,30
2014-09-02,6416,579,21
2014-09-03,5991,557,27
2014-09-04,6395,665,22
2014-09-05,5963,807,35
2014-09-06,4499,1542,23
2014-09-07,3978,1541,20
2014-09-08,6249,698,23
2014-09-09,5657,635,26
2014-09-10,5751,691,29
2014-09-11,5686,698,29
2014-09-12,5415,1010,30
2014-09-13,3756,1577,23
2014-09-14,3542,1750,11
2014-09-15,5617,808,18
2014-09-16,5930,735,21
2014-09-17,6244,812,29
2014-09-18,5923,876,21
2014-09-19,5659,1061,20
2014-09-20,4664,2173,24
2014-09-21,4095,1854,24
2014-09-22,6042,672,24
2014-09-23,5765,674,23
2014-09-24,5845,821,29
2014-09-25,4716,743,12
2014-09-26,5425,1183,19
2014-09-27,4663,2242,20
2014-09-28,3930,1783,22
2014-09-29,6408,752,21
2014-09-30,5565,569,29
2014-10-01,5829,801,18
2014-10-02,5621,819,24
2014-10-03,5387,1053,29
2014-10-04,4159,1658,19
2014-10-05,4103,1564,11
2014-10-06,6187,701,23
2014-10-07,5996,751,22
2014-10-08,5840,773,24
2014-10-09,5457,743,16
2014-10-10,5345,1055,25
2014-10-11,4072,1574,10
2014-10-12,4072,1683,13
2014-10-13,4079,897,25
2014-10-14,5862,820,18
2014-10-15,5719,716,16
2014-10-16,5759,773,30
2014-10-17,5551,1026,17
2014-10-18,4262,1655,9
2014-10-19,4687,1326,12
2014-10-20,7903,657,23
2014-10-21,6224,735,23
2014-10-22,6106,566,20
2014-10-23,7318,612,20
2014-10-24,6402,935,18
2014-10-25,4772,1712,14
2014-10-26,4231,1548,9
2014-10-27,6704,703,24
2014-10-28,6240,746,16
2014-10-29,5704,728,18
2014-10-30,6712,746,16
2014-10-31,6472,960,15
2014-11-01,5684,1352,10
2014-11-02,6380,1167,16
2014-11-03,7702,629,17
2014-11-04,5326,664,15
2014-11-05,6027,723,23
2014-11-06,6057,601,12
2014-11-07,6296,745,16
2014-11-08,5445,1284,11
2014-11-09,4256,1279,13
2014-11-10,6644,729,24
2014-11-11,4823,839,32
2014-11-12,5927,689,24
2014-11-13,7190,643,14
2014-11-14,7193,796,16
2014-11-15,5970,1392,10
2014-11-16,5149,1292,9
2014-11-17,7172,581,12
2014-11-18,9077,529,26
2014-11-19,9043,546,24
2014-11-20,7131,619,16
2014-11-21,7085,751,15
2014-11-22,4912,1330,16
2014-11-23,4047,1368,13
2014-11-24,6089,653,20
2014-11-25,5430,651,20
2014-11-26,5501,566,11
2014-11-27,3583,910,1
2014-11-28,5246,907,6
2014-11-29,4630,1053,8
2014-11-30,4210,1107,16
2014-12-01,6835,602,16
2014-12-02,6954,595,14
2014-12-03,6222,645,14
2014-12-04,6666,679,20
2014-12-05,6033,733,15
2014-12-06,4320,1157,17
2014-12-07,4938,1118,9
2014-12-08,8129,630,14
2014-12-09,8913,496,18
2014-12-10,6967,554,12
2014-12-11,6460,602,16
2014-12-12,6430,785,9
2014-12-13,4814,1304,7
2014-12-14,4131,1189,6
2014-12-15,6299,662,15
2014-12-16,6136,667,14
2014-12-17,5937,691,19
2014-12-18,6035,678,14
2014-12-19,5559,791,10
2014-12-20,4555,1107,11
2014-12-21,4162,1199,12
2014-12-22,6249,632,8
2014-12-23,4955,575,14
2014-12-24,4222,889,11
2014-12-25,2953,1225,6
2014-12-26,4097,654,9
2014-12-27,3519,972,19
2014-12-28,3699,1034,12
2014-12-29,6692,646,13
2014-12-30,6314,678,16
2014-12-31,5235,724,16
2015-01-01,4186,1245,5
2015-01-02,5309,669,19
2015-01-03,4172,1025,7
2015-01-04,3875,988,10
2015-01-05,7032,540,7
2015-01-06,7567,528,25
2015-01-07,8966,478,23
2015-01-08,11330,520,15
2015-01-09,8016,640,13
2015-01-10,6048,1084,9
2015-01-11,5329,1106,5
2015-01-12,6525,541,9
2015-01-13,6857,539,19
2015-01-14,6102,496,8
2015-01-15,5430,520,10
2015-01-16,5860,744,13
2015-01-17,5154,1110,11
2015-01-18,4494,1103,9
2015-01-19,4926,811,11
2015-01-20,6371,606,13
2015-01-21,6896,632,19
2015-01-22,6477,565,14
2015-01-23,6323,738,11
2015-01-24,4714,1165,9
2015-01-25,4175,1168,11
2015-01-26,6011,496,19
2015-01-27,4894,505,8
2015-01-28,7471,523,9
2015-01-29,6803,603,14
2015-01-30,5975,727,20
2015-01-31,6422,1032,11
2015-02-01,4879,1225,5
2015-02-02,6934,517,13
2015-02-03,9124,499,13
2015-02-04,8106,526,6
2015-02-05,7187,500,17
2015-02-06,7357,622,14
2015-02-07,5025,1114,9
2015-02-08,4808,1120,6
2015-02-09,6716,503,8
2015-02-10,6437,533,16
2015-02-11,6430,604,12
2015-02-12,6355,548,12
2015-02-13,7486,651,9
2015-02-14,5306,1053,7
2015-02-15,6162,911,13
2015-02-16,10371,736,15
2015-02-17,8267,612,17
2015-02-18,7264,609,19
2015-02-19,7681,567,23
2015-02-20,9215,768,18
2015-02-21,6348,1094,7
2015-02-22,5801,1035,6
2015-02-23,8620,571,24
2015-02-24,8823,530,19
2015-02-25,7750,602,20
2015-02-26,7514,564,9
2015-02-27,6769,737,8
2015-02-28,5512,1144,13
2015-03-01,4822,1065,11
2015-03-02,7047,490,10
2015-03-03,7376,503,16
2015-03-04,7665,555,12
2015-03-05,6433,605,14
2015-03-06,7273,660,11
2015-03-07,5514,1083,4
2015-03-08,4944,1014,12
2015-03-09,7660,704,16
2015-03-10,8018,623,18
2015-03-11,8109,753,26
2015-03-12,8187,699,13
2015-03-13,7033,780,15
2015-03-14,5304,1253,6
2015-03-15,5197,1158,18
2015-03-16,7709,599,21
2015-03-17,7437,647,20
2015-03-18,7948,609,12
2015-03-19,7414,635,16
2015-03-20,6615,709,18
2015-03-21,4982,1238,11
2015-03-22,4605,1273,20
2015-03-23,7454,620,13
2015-03-24,7018,619,23
2015-03-25,6691,636,21
2015-03-26,6696,603,15
2015-03-27,6957,850,12
2015-03-28,4842,1279,10
2015-03-29,4557,1266,6
2015-03-30,7178,696,25
2015-03-31,7137,694,18
2015-04-01,6890,730,20
2015-04-02,6548,815,25
2015-04-03,5659,975,16
2015-04-04,4543,1252,12
2015-04-05,3860,1359,14
2015-04-06,6758,935,23
2015-04-07,6906,821,12
2015-04-08,7014,763,15
2015-04-09,6673,763,20
2015-04-10,5979,933,19
2015-04-11,4619,1555,10
2015-04-12,4411,1512,24
2015-04-13,6591,749,31
2015-04-14,6679,787,22
2015-04-15,6745,917,21
2015-04-16,6495,887,29
2015-04-17,6435,1210,9
2015-04-18,5273,2212,15
2015-04-19,4669,1662,16
2015-04-20,7245,686,14
2015-04-21,6919,762,24
2015-04-22,6808,799,23
2015-04-23,7280,693,25
2015-04-24,6795,846,15
2015-04-25,5062,1702,17
2015-04-26,4601,1673,21
2015-04-27,6946,785,28
2015-04-28,6833,977,19
2015-04-29,7011,1005,31
2015-04-30,6440,849,21
2015-05-01,6406,1111,22
2015-05-02,4639,1694,19
2015-05-03,5083,2203,30
2015-05-04,7056,1076,31
2015-05-05,7124,1073,32
2015-05-06,6823,1058,27
2015-05-07,6837,1110,29
2015-05-08,6299,1416,29
2015-05-09,5147,2191,21
2015-05-10,5235,2671,25
2015-05-11,7263,1042,39
2015-05-12,7263,964,41
2015-05-13,6408,760,23
2015-05-14,6673,1011,34
2015-05-15,6201,1300,25
2015-05-16,4633,1874,21
2015-05-17,4857,1991,24
2015-05-18,6812,922,28
2015-05-19,6853,919,36
2015-05-20,6805,803,28
2015-05-21,6298,828,31
2015-05-22,5591,1143,27
2015-05-23,4698,2002,23
2015-05-24,4720,2657,17
2015-05-25,5002,2582,17
2015-05-26,7339,1022,32
2015-05-27,6938,789,34
2015-05-28,7161,939,42
2015-05-29,6684,1310,37
2015-05-30,5562,2370,16
2015-05-31,5223,1559,14
2015-06-01,7572,633,23
2015-06-02,6776,672,17
2015-06-03,7055,860,34
2015-06-04,6554,978,26
2015-06-05,6183,1204,31
2015-06-06,5526,2588,17
2015-06-07,5287,2440,23
2015-06-08,7041,917,38
2015-06-09,6976,876,37
2015-06-10,7084,1060,34
2015-06-11,6995,851,47
2015-06-12,6989,1024,31
2015-06-13,5628,2100,25
2015-06-14,5187,1849,20
2015-06-15,7939,635,31
2015-06-16,7816,650,28
2015-06-17,7279,825,33
2015-06-18,6712,924,39
2015-06-19,6727,1164,40
2015-06-20,5147,2103,19
2015-06-21,5152,2266,26
2015-06-22,7620,904,29
2015-06-23,7552,718,34
2015-06-24,8018,946,40
2015-06-25,7400,975,34
2015-06-26,6692,1269,52
2015-06-27,4603,1634,19
2015-06-28,5127,1793,23
2015-06-29,8164,1102,45
2015-06-30,7277,955,45
2015-07-01,7615,995,31
2015-07-02,6310,1017,24
2015-07-03,4800,1578,27
2015-07-04,4364,2339,19
2015-07-05,4643,2289,30
2015-07-06,6901,817,41
2015-07-07,7049,650,64
2015-07-08,7082,700,44
2015-07-09,6539,659,49
2015-07-10,6213,1056,52
2015-07-11,5058,2024,38
2015-07-12,4990,1966,27
2015-07-13,7391,801,54
2015-07-14,7111,698,30
2015-07-15,7337,749,41
2015-07-16,7027,1038,31
2015-07-17,6215,1191,48
2015-07-18,5124,2041,31
2015-07-19,5116,1615,34
2015-07-20,8122,583,61
2015-07-21,7527,594,63
2015-07-22,6946,802,63
2015-07-23,7024,942,65
2015-07-24,6126,1096,44
2015-07-25,5198,2203,24
2015-07-26,4460,1779,27
2015-07-27,7311,930,46
2015-07-28,6688,660,51
2015-07-29,7115,665,41
2015-07-30,6968,616,39
2015-07-31,6619,956,30
2015-08-01,5123,1793,29
2015-08-02,4881,1641,43
2015-08-03,6962,705,62
2015-08-04,7212,764,45
2015-08-05,7228,774,41
2015-08-06,6688,860,46
2015-08-07,6408,1088,43
2015-08-08,5113,2189,33
2015-08-09,4753,2016,42
2015-08-10,7030,824,43
2015-08-11,6262,587,49
2015-08-12,6558,772,46
2015-08-13,6472,901,58
2015-08-14,6064,1195,61
2015-08-15,4935,2096,55
2015-08-16,4600,1753,38
2015-08-17,6574,661,51
2015-08-18,7164,719,41
2015-08-19,7023,666,47
2015-08-20,6322,792,55
2015-08-21,6178,1011,52
2015-08-22,4990,2259,24
2015-08-23,4761,2045,38
2015-08-24,6560,755,55
2015-08-25,6728,804,64
2015-08-26,6340,836,73
2015-08-27,6354,961,40
2015-08-28,6015,1299,50
2015-08-29,5406,2454,28
2015-08-30,4496,2038,38
2015-08-31,6810,706,51
2015-09-01,7782,680,59
2015-09-02,6611,750,48
2015-09-03,6176,663,63
2015-09-04,6201,1051,52
2015-09-05,4937,2106,30
2015-09-06,5147,2599,48
2015-09-07,4915,2084,55
2015-09-08,7092,598,74
2015-09-09,6845,558,57
2015-09-10,6669,483,48
2015-09-11,6664,1024,60
2015-09-12,4889,1690,52
2015-09-13,4626,1566,38
2015-09-14,6657,875,52
2015-09-15,6515,921,59
2015-09-16,6749,904,56
2015-09-17,6753,859,56
2015-09-18,6474,1138,60
2015-09-19,5520,2252,36
2015-09-20,4773,1975,35
2015-09-21,7102,873,48
2015-09-22,6587,939,51
2015-09-23,6528,1123,44
2015-09-24,6309,1133,55
2015-09-25,5994,1333,42
2015-09-26,5334,2539,19
2015-09-27,4909,2194,28
2015-09-28,6598,893,60
2015-09-29,6210,728,65
2015-09-30,6932,664,53
2015-10-01,6206,754,45
2015-10-02,6864,720,31
2015-10-03,7291,1322,22
2015-10-04,5562,1502,26
2015-10-05,7113,793,25
2015-10-06,6462,884,38
2015-10-07,6918,883,35
2015-10-08,6576,929,51
2015-10-09,6017,970,29
2015-10-10,4670,1719,24
2015-10-11,4606,1850,27
2015-10-12,4919,1031,27
2015-10-13,7265,860,45
2015-10-14,6349,887,34
2015-10-15,6524,749,28
2015-10-16,6757,1127,40
2015-10-17,6346,1595,23
2015-10-18,7315,1304,31
2015-10-19,9752,712,34
2015-10-20,7427,793,38
2015-10-21,6785,956,49
2015-10-22,6304,1005,46
2015-10-23,6391,1029,36
2015-10-24,5965,1733,32
2015-10-25,4653,1620,35
2015-10-26,7455,762,32
2015-10-27,7334,748,44
2015-10-28,6707,611,49
2015-10-29,6515,784,45
2015-10-30,6412,1010,24
2015-10-31,5473,1750,34
2015-11-01,4604,1655,19
2015-11-02,6610,769,41
2015-11-03,5937,910,39
2015-11-04,6395,819,47
2015-11-05,6408,869,44
2015-11-06,6403,1290,47
2015-11-07,5038,1844,38
2015-11-08,4723,1427,28
2015-11-09,7544,764,45
2015-11-10,6200,660,49
2015-11-11,4646,769,28
2015-11-12,5542,761,35
2015-11-13,9933,894,43
2015-11-14,6261,1476,33
2015-11-15,5207,1415,39
2015-11-16,6970,826,34
2015-11-17,7560,800,32
2015-11-18,7262,815,53
2015-11-19,6374,733,30
2015-11-20,6870,906,31
2015-11-21,5563,1556,33
2015-11-22,5313,1360,31
2015-11-23,8541,599,38
2015-11-24,7808,689,30
2015-11-25,6182,789,35
2015-11-26,3647,1207,18
2015-11-27,4541,1123,21
2015-11-28,4169,1170,27
2015-11-29,4763,1132,29
2015-11-30,7860,644,35
2015-12-01,6830,594,23
2015-12-02,6590,732,34
2015-12-03,7008,745,36
2015-12-04,6792,914,30
2015-12-05,5166,1551,30
2015-12-06,4755,1429,33
2015-12-07,7195,785,42
2015-12-08,6646,742,35
2015-12-09,6492,787,37
2015-12-10,6071,768,45
2015-12-11,5892,1029,46
2015-12-12,5040,2022,30
2015-12-13,4267,1693,35
2015-12-14,6422,705,39
2015-12-15,6419,700,46
2015-12-16,6320,788,33
2015-12-17,5830,745,40
2015-12-18,5968,866,59
2015-12-19,5912,1317,46
2015-12-20,4879,1191,38
2015-12-21,6557,632,79
2015-12-22,5414,701,78
2015-12-23,5323,709,106
2015-12-24,4569,1105,61
2015-12-25,3243,1759,26
2015-12-26,3374,1068,31
2015-12-27,3882,1111,36
2015-12-28,6657,740,54
2015-12-29,6696,699,58
2015-12-30,6331,833,96
2015-12-31,4739,911,66
2016-01-01,4315,1575,26
2016-01-02,4569,1036,26
2016-01-03,4806,1076,39
2016-01-04,8986,619,102
2016-01-05,12035,575,90
2016-01-06,8429,629,104
2016-01-07,7151,643,114
2016-01-08,6521,709,79
2016-01-09,5036,1342,27
2016-01-10,4893,1114,18
2016-01-11,7912,627,51
2016-01-12,7548,567,101
2016-01-13,8583,545,85
2016-01-14,7741,635,111
2016-01-15,6075,779,85
2016-01-16,4410,1222,27
2016-01-17,4445,1261,29
2016-01-18,6308,772,32
2016-01-19,10376,591,45
2016-01-20,7781,627,65
2016-01-21,7451,612,66
2016-01-22,9085,796,60
2016-01-23,5202,740,12
2016-01-24,4517,646,11
2016-01-25,8127,560,21
2016-01-26,8444,625,14
2016-01-27,8093,724,23
2016-01-28,6609,588,17
2016-01-29,6353,841,25
2016-01-30,5035,1310,22
2016-01-31,4634,1270,25
2016-02-01,6285,664,46
2016-02-02,6551,698,49
2016-02-03,6400,663,33
2016-02-04,6727,718,48
2016-02-05,6145,754,26
2016-02-06,4882,1255,29
2016-02-07,4696,1320,30
2016-02-08,6401,709,23
2016-02-09,6831,587,46
2016-02-10,6896,631,25
2016-02-11,7276,501,49
2016-02-12,8810,866,64
2016-02-13,7597,1052,45
2016-02-14,9920,1081,35
2016-02-15,8731,781,29
2016-02-16,9208,680,29
2016-02-17,7543,806,36
2016-02-18,7206,786,36
2016-02-19,6966,850,35
2016-02-20,5226,1430,42
2016-02-21,4557,1357,37
2016-02-22,7178,738,78
2016-02-23,6925,591,41
2016-02-24,7489,601,23
2016-02-25,7739,688,34
2016-02-26,7305,768,27
2016-02-27,5402,1337,18
2016-02-28,4692,1330,100
2016-02-29,6845,655,77
2016-03-01,6768,623,84
2016-03-02,6871,670,98
2016-03-03,7105,668,74
2016-03-04,6194,715,78
2016-03-05,5342,1414,120
2016-03-06,4607,1317,112
2016-03-07,6769,759,87
2016-03-08,7092,795,130
2016-03-09,6854,1018,158
2016-03-10,6919,1209,203
2016-03-11,7025,1157,160
2016-03-12,5217,1696,133
2016-03-13,4740,1466,159
2016-03-14,7104,669,65
2016-03-15,7135,738,125
2016-03-16,6797,885,188
2016-03-17,7198,878,142
2016-03-18,6624,927,143
2016-03-19,5482,1559,158
2016-03-20,5060,1348,118
2016-03-21,6500,655,118
2016-03-22,6911,787,132
2016-03-23,6938,1035,150
2016-03-24,6526,951,127
2016-03-25,5632,1143,146
2016-03-26,5141,1569,133
2016-03-27,4616,1418,127
2016-03-28,6004,639,71
2016-03-29,7730,685,120
2016-03-30,7322,806,137
2016-03-31,6748,865,129
2016-04-01,6454,1304,132
2016-04-02,5289,1869,93
2016-04-03,6305,1350,115
2016-04-04,6987,641,87
2016-04-05,7567,727,114
2016-04-06,6908,794,149
2016-04-07,6329,799,134
2016-04-08,6640,963,120
2016-04-09,4963,1520,91
2016-04-10,4750,1315,123
2016-04-11,6719,752,140
2016-04-12,6577,774,129
2016-04-13,6553,899,138
2016-04-14,6596,993,171
2016-04-15,6580,1121,166
2016-04-16,5168,1852,177
2016-04-17,5050,2141,185
2016-04-18,6811,1100,159
2016-04-19,6876,1128,149
2016-04-20,6525,916,163
2016-04-21,6130,973,181
2016-04-22,6804,1613,194
2016-04-23,5040,2099,150
2016-04-24,4804,1960,161
2016-04-25,6636,1124,157
2016-04-26,6299,1026,134
2016-04-27,6320,993,150
2016-04-28,6395,1034,163
2016-04-29,6475,1133,136
2016-04-30,5559,2206,169
2016-05-01,4713,1604,89
2016-05-02,6941,814,53
2016-05-03,7329,1288,116
2016-05-04,6792,932,125
2016-05-05,6913,999,138
2016-05-06,6738,997,110
2016-05-07,6989,2202,121
2016-05-08,4826,1997,138
2016-05-09,7610,996,177
2016-05-10,6801,991,179
2016-05-11,7136,1301,172
2016-05-12,6989,1243,196
2016-05-13,6358,1160,191
2016-05-14,5694,2369,173
2016-05-15,4965,1815,167
2016-05-16,7152,839,131
2016-05-17,6722,919,186
2016-05-18,6722,899,190
2016-05-19,6757,1251,203
2016-05-20,7237,1751,164
2016-05-21,5626,2357,195
2016-05-22,5422,2321,139
2016-05-23,7321,1153,208
2016-05-24,6975,1055,177
2016-05-25,7468,1493,242
2016-05-26,7375,1323,220
2016-05-27,6674,1427,204
2016-05-28,5539,2247,214
2016-05-29,5443,2751,237
2016-05-30,4889,1589,48
2016-05-31,8280,955,167
2016-06-01,7580,1039,148
2016-06-02,7231,949,146
2016-06-03,6684,1237,155
2016-06-04,5848,2324,186
2016-06-05,5001,1670,163
2016-06-06,7946,967,214
2016-06-07,7480,896,246
2016-06-08,6833,798,218
2016-06-09,7062,1111,165
2016-06-10,7120,1587,180
2016-06-11,6089,2562,228
2016-06-12,5414,2115,210
2016-06-13,7319,921,209
2016-06-14,7792,1390,232
2016-06-15,7737,1120,246
2016-06-16,6996,970,175
2016-06-17,7015,1397,219
2016-06-18,6281,2984,218
2016-06-19,6343,3243,217
2016-06-20,7823,1089,170
2016-06-21,7630,962,218
2016-06-22,7323,1035,207
2016-06-23,7309,1009,210
2016-06-24,7021,1408,209
2016-06-25,5999,2819,166
2016-06-26,5697,2526,186
2016-06-27,7393,904,202
2016-06-28,7557,861,211
2016-06-29,8070,1011,274
2016-06-30,6937,1194,234
2016-07-01,6362,890,221
2016-07-02,5316,2140,208
2016-07-03,5737,3282,210
2016-07-04,5080,2799,45
2016-07-05,7627,1213,212
2016-07-06,7340,884,220
2016-07-07,7081,730,165
2016-07-08,6343,708,165
2016-07-09,5383,2092,179
2016-07-10,5351,2204,175
2016-07-11,7581,1010,209
2016-07-12,7336,983,210
2016-07-13,7130,841,214
2016-07-14,7251,759,188
2016-07-15,7299,1078,220
2016-07-16,5460,1926,203
2016-07-17,5533,2065,204
2016-07-18,7905,751,194
2016-07-19,7750,817,202
2016-07-20,6968,899,186
2016-07-21,7101,906,176
2016-07-22,6917,1018,204
2016-07-23,5371,1681,168
2016-07-24,5189,1896,163
2016-07-25,8041,524,155
2016-07-26,8025,715,235
2016-07-27,7015,674,205
2016-07-28,7069,675,214
2016-07-29,6858,856,143
2016-07-30,5291,1512,230
2016-07-31,4796,1387,189
2016-08-01,7478,801,203
2016-08-02,7367,906,244
2016-08-03,7142,1050,239
2016-08-04,6772,955,218
2016-08-05,6637,1230,214
2016-08-06,5518,2071,266
2016-08-07,5498,2144,259
2016-08-08,7229,842,226
2016-08-09,7141,800,252
2016-08-10,6599,633,236
2016-08-11,6913,704,208
2016-08-12,6843,868,218
2016-08-13,5739,1550,218
2016-08-14,5596,1557,175
2016-08-15,7728,647,114
2016-08-16,7120,565,202
2016-08-17,7085,632,235
2016-08-18,6840,737,259
2016-08-19,6549,983,215
2016-08-20,5405,1961,199
2016-08-21,4621,1586,234
2016-08-22,7151,799,220
2016-08-23,6979,946,247
2016-08-24,6555,870,250
2016-08-25,6551,860,255
2016-08-26,5776,976,196
2016-08-27,5268,2107,221
2016-08-28,5113,2159,206
2016-08-29,7231,1008,225
2016-08-30,6884,890,215
2016-08-31,6891,709,232
2016-09-01,6333,742,197
2016-09-02,6210,1215,189
2016-09-03,5691,2664,223
2016-09-04,5291,2909,154
2016-09-05,4763,2070,65
2016-09-06,7144,803,217
2016-09-07,6921,859,221
2016-09-08,7311,949,221
2016-09-09,6924,1082,258
2016-09-10,5666,1872,206
2016-09-11,5453,2131,232
2016-09-12,7049,974,210
2016-09-13,6997,936,231
2016-09-14,6804,815,223
2016-09-15,7088,1035,186
2016-09-16,6591,1296,182
2016-09-17,5799,2666,191
2016-09-18,5214,2193,201
2016-09-19,5821,694,118
2016-09-20,7325,1295,194
2016-09-21,7607,1395,232
2016-09-22,6995,897,230
2016-09-23,6323,1222,186
2016-09-24,5422,2255,184
2016-09-25,5211,2294,168
2016-09-26,6515,839,184
2016-09-27,6653,832,173
2016-09-28,6449,789,187
2016-09-29,6150,780,171
2016-09-30,5668,866,144
2016-10-01,5199,1933,143
2016-10-02,4756,1915,175
2016-10-03,6280,1011,128
2016-10-04,6048,1003,150
2016-10-05,6543,986,181
2016-10-06,6519,1059,160
2016-10-07,6132,1312,136
2016-10-08,5042,1993,150
2016-10-09,4323,1464,107
2016-10-10,5645,916,67
2016-10-11,7841,894,145
2016-10-12,6380,1052,192
2016-10-13,6658,942,184
2016-10-14,6972,1118,160
2016-10-15,5228,2015,157
2016-10-16,4563,1875,148
2016-10-17,7608,926,137
2016-10-18,7036,902,160
2016-10-19,6278,855,168
2016-10-20,5962,824,120
2016-10-21,6430,1060,69
2016-10-22,5898,1467,98
2016-10-23,5968,1550,96
2016-10-24,7852,804,131
2016-10-25,9009,776,112
2016-10-26,9005,667,123
2016-10-27,8052,676,119
2016-10-28,7185,949,81
2016-10-29,5980,2047,111
2016-10-30,5419,2041,116
2016-10-31,7555,839,87
2016-11-01,7351,958,116
2016-11-02,7057,926,147
2016-11-03,6705,876,125
2016-11-04,6573,968,119
2016-11-05,5606,1727,159
2016-11-06,3412,1059,103
2016-11-07,8698,1000,75
2016-11-08,5399,804,44
2016-11-09,5530,601,58
2016-11-10,6464,707,134
2016-11-11,5835,925,65
2016-11-12,5935,1565,108
2016-11-13,4517,1315,82
2016-11-14,7031,752,87
2016-11-15,7226,747,70
2016-11-16,7022,813,139
2016-11-17,6765,914,142
2016-11-18,6650,1172,125
2016-11-19,5409,1778,136
2016-11-20,6249,1101,81
2016-11-21,9484,608,111
2016-11-22,8207,664,81
2016-11-23,6324,780,99
2016-11-24,4049,1214,28
2016-11-25,5126,1284,93
2016-11-26,4616,1276,129
2016-11-27,4476,1267,95
2016-11-28,7090,681,92
2016-11-29,7141,697,82
2016-11-30,7079,690,74
2016-12-01,7312,726,120
2016-12-02,7199,983,127
2016-12-03,5724,1549,86
2016-12-04,5527,1456,112
2016-12-05,7243,742,88
2016-12-06,7497,768,100
2016-12-07,7418,713,121
2016-12-08,6935,613,149
2016-12-09,8048,941,146
2016-12-10,6403,1497,98
2016-12-11,5985,1409,91
2016-12-12,7205,672,85
2016-12-13,7358,720,112
2016-12-14,7212,715,132
2016-12-15,9296,707,118
2016-12-16,9659,871,71
2016-12-17,6067,1277,34
2016-12-18,5358,1422,99
2016-12-19,7842,677,51
2016-12-20,8119,719,88
2016-12-21,7171,659,105
2016-12-22,6364,702,111
2016-12-23,5562,805,111
2016-12-24,3974,1078,66
2016-12-25,3584,1401,12
2016-12-26,4172,746,35
2016-12-27,6249,725,93
2016-12-28,6904,835,115
2016-12-29,6326,841,82
2016-12-30,6075,1010,97
2016-12-31,4227,1068,98
2017-01-01,4289,1727,22
2017-01-02,4261,737,22
2017-01-03,7076,608,65
2017-01-04,7254,734,131
2017-01-05,7632,669,59
2017-01-06,6484,796,40
2017-01-07,5777,1203,37
2017-01-08,6626,1110,27
2017-01-09,9859,572,40
2017-01-10,8859,645,48
2017-01-11,6760,656,111
2017-01-12,6911,797,105
2017-01-13,6754,988,95
2017-01-14,5518,1454,74
2017-01-15,4823,1339,66
2017-01-16,5855,958,25
2017-01-17,6935,666,84
2017-01-18,6843,765,71
2017-01-19,7420,793,85
2017-01-20,6433,939,79
2017-01-21,5321,1570,86
2017-01-22,5141,1543,82
2017-01-23,7977,661,33
2017-01-24,8137,600,48
2017-01-25,7815,778,93
2017-01-26,6966,785,63
2017-01-27,7087,954,65
2017-01-28,5901,1560,86
2017-01-29,5136,1472,85
2017-01-30,7321,720,72
2017-01-31,7143,702,39
2017-02-01,7613,752,75
2017-02-02,7023,668,70
2017-02-03,6698,857,35
2017-02-04,5457,1321,14
2017-02-05,4900,1267,54
2017-02-06,7113,707,70
2017-02-07,6678,635,51
2017-02-08,6617,723,76
2017-02-09,5870,653,31
2017-02-10,7998,717,36
2017-02-11,5511,1333,56
2017-02-12,5028,1308,9
2017-02-13,7917,617,33
2017-02-14,6782,701,51
2017-02-15,7271,681,79
2017-02-16,7323,623,34
2017-02-17,6740,757,68
2017-02-18,5257,1604,87
2017-02-19,4972,1686,100
2017-02-20,5198,964,22
2017-02-21,7193,787,53
2017-02-22,6753,880,88
2017-02-23,6752,1016,109
2017-02-24,6623,1203,106
2017-02-25,5123,1588,88
2017-02-26,5085,1171,50
2017-02-27,7064,820,71
2017-02-28,6627,748,112
2017-03-01,6090,716,101
2017-03-02,7384,706,28
2017-03-03,7171,787,45
2017-03-04,6177,1212,28
2017-03-05,5991,1202,13
2017-03-06,7094,720,80
2017-03-07,6452,664,91
2017-03-08,6684,787,89
2017-03-09,6038,575,79
2017-03-10,6263,846,38
2017-03-11,5654,1169,14
2017-03-12,5705,1342,16
2017-03-13,7488,681,59
2017-03-14,5426,694,1
2017-03-15,10600,584,28
2017-03-16,9461,686,14
2017-03-17,7285,887,40
2017-03-18,5217,1250,48
2017-03-19,5210,1371,54
2017-03-20,7336,764,76
2017-03-21,7104,889,97
2017-03-22,7184,722,29
2017-03-23,5777,402,30
2017-03-24,6443,978,77
2017-03-25,5359,1590,105
2017-03-26,4943,1421,73
2017-03-27,7243,812,80
2017-03-28,6995,787,98
2017-03-29,6778,828,84
2017-03-30,6892,822,88
2017-03-31,6744,710,41
2017-04-01,5420,1376,54
2017-04-02,5438,1707,82
2017-04-03,7872,837,93
2017-04-04,7438,774,77
2017-04-05,7320,988,113
2017-04-06,7014,769,71
2017-04-07,6855,841,83
2017-04-08,5334,1585,95
2017-04-09,5024,1804,117
2017-04-10,7638,1346,116
2017-04-11,7373,1601,152
2017-04-12,6976,1333,126
2017-04-13,6488,1118,148
2017-04-14,5799,1379,118
2017-04-15,4934,1819,128
2017-04-16,5373,2438,135
2017-04-17,7156,1285,154
2017-04-18,6696,926,144
2017-04-19,7296,837,133
2017-04-20,6976,984,107
2017-04-21,6710,1076,113
2017-04-22,5586,1878,81
2017-04-23,5428,1904,95
2017-04-24,7460,938,109
2017-04-25,6642,634,105
2017-04-26,7349,836,92
2017-04-27,6600,985,108
2017-04-28,7466,1919,85
2017-04-29,6837,3009,134
2017-04-30,5765,2318,117
2017-05-01,7475,1050,72
2017-05-02,7537,1000,76
2017-05-03,7142,932,117
2017-05-04,7192,1010,146
2017-05-05,7924,1007,74
2017-05-06,5616,1822,125
2017-05-07,5489,1749,121
2017-05-08,7957,894,91
2017-05-09,7492,972,112
2017-05-10,7160,960,127
2017-05-11,7274,945,148
2017-05-12,6876,1280,137
2017-05-13,5247,1498,67
2017-05-14,5202,1850,31
2017-05-15,7849,1024,80
2017-05-16,7588,1246,75
2017-05-17,7887,1454,71
2017-05-18,7518,1406,79
2017-05-19,7313,1324,62
2017-05-20,5524,2290,34
2017-05-21,5560,2260,34
2017-05-22,6850,779,42
2017-05-23,7575,1124,63
2017-05-24,7293,1101,76
2017-05-25,6348,838,58
2017-05-26,4866,1245,54
2017-05-27,6674,2912,55
2017-05-28,6140,3076,38
2017-05-29,4569,1753,35
2017-05-30,7457,935,73
2017-05-31,7559,1137,78
2017-06-01,7366,1295,82
2017-06-02,7487,1566,65
2017-06-03,6875,3167,59
2017-06-04,6686,2798,64
2017-06-05,7312,936,79
2017-06-06,6622,831,50
2017-06-07,7037,1166,51
2017-06-08,7274,1266,75
2017-06-09,7246,1662,80
2017-06-10,6784,3071,62
2017-06-11,6389,2751,57
2017-06-12,8193,952,80
2017-06-13,8616,788,90
2017-06-14,7971,951,88
2017-06-15,7586,1185,81
2017-06-16,6981,1233,79
2017-06-17,6160,2368,66
2017-06-18,6706,3182,61
2017-06-19,8362,789,71
2017-06-20,7642,878,77
2017-06-21,7860,1011,86
2017-06-22,7673,1096,94
2017-06-23,6795,1069,85
2017-06-24,6393,2321,59
2017-06-25,6467,2877,47
2017-06-26,8029,1239,82
2017-06-27,7623,1084,69
2017-06-28,7538,1204,90
2017-06-29,7653,1267,86
2017-06-30,6911,1247,78
2017-07-01,5294,2002,69
2017-07-02,5444,2349,52
2017-07-03,6693,1351,68
2017-07-04,5410,2611,47
2017-07-05,7848,1402,117
2017-07-06,7396,896,116
2017-07-07,7260,964,92
2017-07-08,5624,2092,78
2017-07-09,6222,2704,84
2017-07-10,7936,917,129
2017-07-11,6819,772,127
2017-07-12,8174,747,127
2017-07-13,6940,663,92
2017-07-14,6332,865,97
2017-07-15,5988,2386,61
2017-07-16,6008,2601,56
2017-07-17,7844,926,116
2017-07-18,6791,434,87
2017-07-19,8066,912,93
2017-07-20,7717,770,123
2017-07-21,7257,1034,100
2017-07-22,5656,1692,72
2017-07-23,5089,1520,89
2017-07-24,7534,808,72
2017-07-25,7558,1003,91
2017-07-26,7229,1220,102
2017-07-27,7467,1096,117
2017-07-28,6805,1239,89
2017-07-29,6093,2547,54
2017-07-30,6535,3118,77
2017-07-31,7287,961,111
2017-08-01,6978,853,126
2017-08-02,6838,721,113
2017-08-03,6961,942,104
2017-08-04,6670,1153,87
2017-08-05,5658,2108,85
2017-08-06,5755,2723,67
2017-08-07,6833,833,81
2017-08-08,6567,511,91
2017-08-09,7813,1272,105
2017-08-10,7158,1062,95
2017-08-11,6710,1292,106
2017-08-12,5469,2171,71
2017-08-13,5632,2731,61
2017-08-14,7539,917,108
2017-08-15,6657,727,104
2017-08-16,6939,881,112
2017-08-17,7233,1033,136
2017-08-18,6572,885,83
2017-08-19,5485,2197,78
2017-08-20,5666,2497,69
2017-08-21,7035,943,86
2017-08-22,6787,668,96
2017-08-23,6903,855,97
2017-08-24,6741,1001,93
2017-08-25,6404,1411,98
2017-08-26,5840,2809,57
2017-08-27,5816,2847,63
2017-08-28,6916,1094,102
2017-08-29,6155,748,70
2017-08-30,7102,994,102
2017-08-31,6931,1096,90
2017-09-01,6556,1491,66
2017-09-02,4938,2055,46
2017-09-03,5186,2484,32
2017-09-04,5920,2787,42
2017-09-05,7702,961,81
2017-09-06,6880,709,84
2017-09-07,7658,997,90
2017-09-08,7793,1538,87
2017-09-09,6461,2860,61
2017-09-10,5831,2491,63
2017-09-11,7823,1084,103
2017-09-12,7748,1041,119
2017-09-13,7287,965,113
2017-09-14,7522,859,115
2017-09-15,7743,1216,123
2017-09-16,6415,2535,100
2017-09-17,5913,2316,75
2017-09-18,7803,861,114
2017-09-19,7434,736,107
2017-09-20,7296,923,120
2017-09-21,6965,1049,114
2017-09-22,7206,1513,113
2017-09-23,6231,2710,77
2017-09-24,5676,2315,78
2017-09-25,7862,867,105
2017-09-26,8039,842,132
2017-09-27,7755,801,118
2017-09-28,7512,886,131
2017-09-29,7568,1440,107
2017-09-30,5647,2214,64
2017-10-01,5755,2266,74
2017-10-02,7836,1049,108
2017-10-03,7677,994,108
2017-10-04,7942,1071,151
2017-10-05,6746,865,123
2017-10-06,6981,1294,108
2017-10-07,5799,2199,88
2017-10-08,4950,1918,70
2017-10-09,5034,749,101
2017-10-10,7898,888,93
2017-10-11,7639,835,98
2017-10-12,6887,945,82
2017-10-13,7158,1379,112
2017-10-14,5989,2378,85
2017-10-15,5626,2187,85
2017-10-16,7508,835,112
2017-10-17,8324,847,86
2017-10-18,7349,924,96
2017-10-19,7460,1053,109
2017-10-20,7384,1441,103
2017-10-21,6136,2470,105
2017-10-22,5526,2271,88
2017-10-23,7874,994,113
2017-10-24,7658,805,102
2017-10-25,7253,939,113
2017-10-26,7627,801,93
2017-10-27,7847,1273,93
2017-10-28,6627,2566,91
2017-10-29,5949,2072,53
2017-10-30,9316,677,92
2017-10-31,8933,941,81
2017-11-01,8705,906,101
2017-11-02,7871,1021,108
2017-11-03,7536,1176,89
2017-11-04,6580,1829,80
2017-11-05,5466,1656,68
2017-11-06,7687,854,86
2017-11-07,8070,793,61
2017-11-08,8739,733,65
2017-11-09,8664,810,79
2017-11-10,8234,819,59
2017-11-11,7747,1410,33
2017-11-12,6239,1337,60
2017-11-13,8163,772,62
2017-11-14,8677,815,81
2017-11-15,8033,716,68
2017-11-16,7876,762,48
2017-11-17,7962,840,80
2017-11-18,5853,1368,60
2017-11-19,5560,1359,32
2017-11-20,8106,676,62
2017-11-21,7280,682,87
2017-11-22,6143,729,46
2017-11-23,4205,1126,12
2017-11-24,5470,968,59
2017-11-25,4947,1161,55
2017-11-26,5266,1309,28
2017-11-27,7706,628,60
2017-11-28,7880,779,70
2017-11-29,7517,711,63
2017-11-30,7823,749,78
2017-12-01,7247,962,49
2017-12-02,5816,1579,49
2017-12-03,5221,1425,79
2017-12-04,7628,777,72
2017-12-05,7459,728,83
2017-12-06,7624,674,60
2017-12-07,8006,770,44
2017-12-08,7733,921,34
2017-12-09,5495,1257,28
2017-12-10,5142,1164,42
2017-12-11,7573,750,69
2017-12-12,7664,658,68
2017-12-13,9080,644,46
2017-12-14,8023,725,36
2017-12-15,8015,772,55
2017-12-16,6532,1283,22
2017-12-17,5630,1400,19
2017-12-18,7606,727,55
2017-12-19,7413,775,67
2017-12-20,6901,710,38
2017-12-21,7069,794,30
2017-12-22,6106,842,58
2017-12-23,4370,1030,41
2017-12-24,4051,1187,27
2017-12-25,4183,1253,10
2017-12-26,8212,589,37
2017-12-27,8565,675,87
2017-12-28,11051,657,76
2017-12-29,9984,758,58
2017-12-30,6867,955,28
2017-12-31,6221,998,41
2018-01-01,9328,1389,24
2018-01-02,11569,586,47
2018-01-03,9614,544,61
2018-01-04,7918,519,81
2018-01-05,11279,677,234
2018-01-06,10713,961,218
2018-01-07,9620,990,139
2018-01-08,11128,646,80
2018-01-09,9595,614,31
2018-01-10,8455,618,66
2018-01-11,7920,738,62
2018-01-12,8019,816,69
2018-01-13,6467,1192,33
2018-01-14,6566,1242,40
2018-01-15,7560,799,39
2018-01-16,8848,680,28
2018-01-17,8155,736,33
2018-01-18,8416,662,62
2018-01-19,7980,949,35
2018-01-20,5860,1448,27
2018-01-21,5496,1456,37
2018-01-22,8267,784,71
2018-01-23,7767,658,51
2018-01-24,7749,642,33
2018-01-25,8072,737,29
2018-01-26,7617,891,37
2018-01-27,5832,1524,41
2018-01-28,5191,1416,30
2018-01-29,7864,797,35
2018-01-30,7567,725,32
2018-01-31,7845,699,29
2018-02-01,7663,695,36
2018-02-02,7685,805,31
2018-02-03,6231,1209,22
2018-02-04,5107,1131,17
2018-02-05,7496,698,32
2018-02-06,7973,712,34
2018-02-07,7378,603,34
2018-02-08,7832,690,52
2018-02-09,7202,831,36
2018-02-10,6234,1400,35
2018-02-11,5305,1233,40
2018-02-12,7718,672,26
2018-02-13,7843,731,37
2018-02-14,6931,771,54
2018-02-15,7201,763,55
2018-02-16,6671,834,25
2018-02-17,5353,1275,12
2018-02-18,4663,1284,18
2018-02-19,5498,949,44
2018-02-20,7976,1090,61
2018-02-21,7460,1095,56
2018-02-22,7026,838,41
2018-02-23,6957,918,26
2018-02-24,5682,1503,19
2018-02-25,5432,1436,18
2018-02-26,7977,763,33
2018-02-27,7803,845,31
2018-02-28,7938,977,55
2018-03-01,7388,881,40
2018-03-02,8933,713,24
2018-03-03,7272,1202,25
2018-03-04,6162,1272,22
2018-03-05,8632,716,39
2018-03-06,7764,709,29
2018-03-07,7476,571,36
2018-03-08,8071,651,29
2018-03-09,7562,858,30
2018-03-10,5668,1447,23
2018-03-11,5310,1366,14
2018-03-12,8178,743,30
2018-03-13,7310,774,37
2018-03-14,8231,645,27
2018-03-15,7942,692,18
2018-03-16,7823,872,34
2018-03-17,5943,1388,20
2018-03-18,5703,1444,20
2018-03-19,8257,845,21
2018-03-20,7748,760,43
2018-03-21,6145,761,36
2018-03-22,7653,680,32
2018-03-23,6980,965,20
2018-03-24,5546,1588,10
2018-03-25,5864,1528,22
2018-03-26,8215,869,29
2018-03-27,8113,849,53
2018-03-28,7535,856,45
2018-03-29,7215,935,45
2018-03-30,6384,979,34
2018-03-31,5738,1522,22
2018-04-01,4769,1399,28
2018-04-02,7066,851,46
2018-04-03,7275,854,49
2018-04-04,7447,785,36
2018-04-05,7475,868,27
2018-04-06,6622,1122,26
2018-04-07,5709,1677,33
2018-04-08,5363,1422,20
2018-04-09,7944,823,47
2018-04-10,7765,866,40
2018-04-11,7278,840,54
2018-04-12,7243,938,68
2018-04-13,7829,1774,76
2018-04-14,6264,2271,63
2018-04-15,5828,1265,43
2018-04-16,9736,714,47
2018-04-17,7857,836,41
2018-04-18,7981,903,74
2018-04-19,7529,822,50
2018-04-20,6968,886,30
2018-04-21,5753,1889,56
2018-04-22,5833,1939,65
2018-04-23,8236,933,82
2018-04-24,7863,960,85
2018-04-25,7513,828,56
2018-04-26,7933,1242,76
2018-04-27,6983,1120,58
2018-04-28,5931,2039,53
2018-04-29,6038,1811,51
2018-04-30,8044,753,61
2018-05-01,8368,1419,72
2018-05-02,8387,1682,93
2018-05-03,8334,1338,90
2018-05-04,7992,1552,75
2018-05-05,6486,2668,68
2018-05-06,5955,2060,55
2018-05-07,8157,1128,99
2018-05-08,7903,1158,86
2018-05-09,7846,1175,89
2018-05-10,7600,946,89
2018-05-11,7834,1566,84
2018-05-12,5733,2082,56
2018-05-13,4983,1739,55
2018-05-14,7839,1086,79
2018-05-15,8095,884,84
2018-05-16,7860,831,86
2018-05-17,8320,1233,81
2018-05-18,7511,1249,87
2018-05-19,5556,1767,52
2018-05-20,6489,2514,71
2018-05-21,8510,1261,66
2018-05-22,7857,958,90
2018-05-23,8472,1274,82
2018-05-24,8604,1481,77
2018-05-25,8053,1758,100
2018-05-26,6274,2441,67
2018-05-27,5018,1992,38
2018-05-28,5987,2200,37
2018-05-29,9123,1304,111
2018-05-30,8372,1137,91
2018-05-31,8283,1046,94
2018-06-01,7814,1353,80
2018-06-02,6560,2234,72
2018-06-03,5931,1732,60
2018-06-04,8528,1031,64
2018-06-05,8772,1199,70
2018-06-06,8377,1199,97
2018-06-07,8415,1505,87
2018-06-08,8496,1742,102
2018-06-09,6975,2981,64
2018-06-10,6342,2517,65
2018-06-11,8529,1115,93
2018-06-12,8875,1264,70
2018-06-13,8215,1034,87
2018-06-14,8574,1509,67
2018-06-15,7617,1722,63
2018-06-16,7071,3080,66
2018-06-17,7200,3549,68
2018-06-18,8606,1040,126
2018-06-19,8962,844,96
2018-06-20,8440,1010,114
2018-06-21,8286,1124,110
2018-06-22,7671,1312,95
2018-06-23,6755,2528,57
2018-06-24,6718,2732,80
2018-06-25,8878,1215,85
2018-06-26,8528,1322,69
2018-06-27,7743,942,99
2018-06-28,8002,886,79
2018-06-29,7641,1310,90
2018-06-30,6619,2299,70
2018-07-01,6513,1968,81
2018-07-02,8563,962,88
2018-07-03,7844,885,98
2018-07-04,6261,2465,81
2018-07-05,8994,1346,88
2018-07-06,7802,1013,73
2018-07-07,6646,2587,57
2018-07-08,6494,2580,70
2018-07-09,8226,1062,104
2018-07-10,8363,944,119
2018-07-11,7970,894,121
2018-07-12,8576,1074,116
2018-07-13,7977,1360,94
2018-07-14,6461,2451,88
2018-07-15,5946,1771,72
2018-07-16,8798,909,106
2018-07-17,8168,607,118
2018-07-18,8806,933,111
2018-07-19,8458,1228,104
2018-07-20,7685,1540,111
2018-07-21,5720,1919,75
2018-07-22,5902,1328,61
2018-07-23,8785,809,92
2018-07-24,8504,861,106
2018-07-25,7818,645,72
2018-07-26,8351,869,101
2018-07-27,7695,814,103
2018-07-28,6530,2064,69
2018-07-29,6753,2536,80
2018-07-30,8892,1045,98
2018-07-31,8542,1056,108
2018-08-01,9558,867,95
2018-08-02,7909,747,121
2018-08-03,7813,919,110
2018-08-04,6113,1971,85
2018-08-05,6119,1944,91
2018-08-06,9007,723,122
2018-08-07,8605,606,104
2018-08-08,8725,669,118
2018-08-09,8191,846,108
2018-08-10,8128,1096,92
2018-08-11,5790,1467,64
2018-08-12,6027,1854,67
2018-08-13,8308,857,109
2018-08-14,8151,912,109
2018-08-15,8571,961,118
2018-08-16,8118,852,135
2018-08-17,7691,849,103
2018-08-18,5970,1641,81
2018-08-19,5683,1953,71
2018-08-20,8457,1078,119
2018-08-21,8160,1079,88
2018-08-22,7675,830,91
2018-08-23,7898,1130,108
2018-08-24,7734,1501,105
2018-08-25,6649,2729,85
2018-08-26,6442,2526,98
2018-08-27,8442,853,140
2018-08-28,8332,697,163
2018-08-29,8894,696,128
2018-08-30,8253,750,111
2018-08-31,7282,1113,100
2018-09-01,5628,2162,62
2018-09-02,6111,2792,86
2018-09-03,6008,1942,85
2018-09-04,8564,701,140
2018-09-05,8338,661,129
2018-09-06,9037,642,123
2018-09-07,8462,1071,125
2018-09-08,6330,2228,80
2018-09-09,4993,1666,71
2018-09-10,7349,769,64
2018-09-11,8228,980,87
2018-09-12,8643,879,111
2018-09-13,9082,957,110
2018-09-14,9155,1366,117
2018-09-15,7071,2746,95
2018-09-16,6694,2475,114
2018-09-17,8524,924,109
2018-09-18,8336,681,104
2018-09-19,7947,1028,108
2018-09-20,8321,1118,111
2018-09-21,8206,1468,118
2018-09-22,6684,2709,71
2018-09-23,6428,2433,96
2018-09-24,7981,946,96
2018-09-25,7645,745,92
2018-09-26,8928,917,109
2018-09-27,8238,1012,69
2018-09-28,8279,1442,83
2018-09-29,6968,2730,81
2018-09-30,6939,2567,69
2018-10-01,8562,1084,102
2018-10-02,8226,895,106
2018-10-03,8054,867,108
2018-10-04,7977,1030,116
2018-10-05,7697,1368,117
2018-10-06,6086,2401,82
2018-10-07,6261,2294,89
2018-10-08,6599,1206,95
2018-10-09,8593,1001,122
2018-10-10,8642,1077,144
2018-10-11,8234,767,113
2018-10-12,8230,1156,86
2018-10-13,6622,2001,58
2018-10-14,6668,1759,68
2018-10-15,8987,967,84
2018-10-16,10289,943,109
2018-10-17,10136,856,100
2018-10-18,10461,860,98
2018-10-19,8791,1158,74
2018-10-20,6363,1902,69
2018-10-21,6895,1431,65
2018-10-22,10066,800,91
2018-10-23,8820,921,87
2018-10-24,9017,927,89
2018-10-25,8675,883,79
2018-10-26,8470,1131,80
2018-10-27,6594,1492,56
2018-10-28,6152,1811,42
2018-10-29,8693,870,77
2018-10-30,8479,982,92
2018-10-31,8237,1197,77
2018-11-01,7673,1156,96
2018-11-02,7096,1109,74
2018-11-03,5898,1724,54
2018-11-04,5744,1547,51
2018-11-05,7717,777,78
2018-11-06,6778,745,59
2018-11-07,8043,928,81
2018-11-08,8253,898,85
2018-11-09,7551,922,54
2018-11-10,6575,1533,29
2018-11-11,5945,1355,42
2018-11-12,6853,814,66
2018-11-13,8842,735,50
2018-11-14,9065,718,38
2018-11-15,9982,679,34
2018-11-16,10714,730,27
2018-11-17,6885,1596,32
2018-11-18,6127,1376,44
2018-11-19,8414,777,69
2018-11-20,7933,779,32
2018-11-21,7610,754,44
2018-11-22,5738,979,38
2018-11-23,7870,982,27
2018-11-24,5856,988,29
2018-11-25,6094,1083,42
2018-11-26,8919,674,50
2018-11-27,9009,799,49
2018-11-28,9042,780,36
2018-11-29,8456,808,36
2018-11-30,7959,1032,37
2018-12-01,6103,1532,54
2018-12-02,5776,1363,42
2018-12-03,8375,900,39
2018-12-04,8449,822,51
2018-12-05,8845,763,35
2018-12-06,7923,704,37
2018-12-07,8001,840,37
2018-12-08,6491,1450,27
2018-12-09,6080,1334,25
2018-12-10,8768,725,45
2018-12-11,8462,755,45
2018-12-12,7835,729,37
2018-12-13,7678,737,32
2018-12-14,7027,1038,35
2018-12-15,5605,1431,29
2018-12-16,5681,1278,24
2018-12-17,8278,774,25
2018-12-18,8227,687,29
2018-12-19,7966,742,30
2018-12-20,7082,685,36
2018-12-21,8140,837,32
2018-12-22,5418,1177,18
2018-12-23,4757,1120,31
2018-12-24,5374,974,26
2018-12-25,3910,1281,13
2018-12-26,6503,632,34
2018-12-27,7102,709,39
2018-12-28,7000,824,39
2018-12-29,5223,1173,26
2018-12-30,5176,1206,33
2018-12-31,6335,1023,40
2019-01-01,5065,1566,14
2019-01-02,8100,691,30
2019-01-03,7816,767,38
2019-01-04,7680,924,45
2019-01-05,5161,1172,34
2019-01-06,5359,1162,18
2019-01-07,8586,765,37
2019-01-08,7869,757,44
2019-01-09,7941,683,33
2019-01-10,7264,498,36
2019-01-11,9182,973,38
2019-01-12,6650,1279,27
2019-01-13,5108,1270,27
2019-01-14,10377,710,44
2019-01-15,8569,793,43
2019-01-16,8132,726,44
2019-01-17,8378,782,29
2019-01-18,6717,792,37
2019-01-19,5293,1244,36
2019-01-20,5562,1008,27
2019-01-21,11504,784,70
2019-01-22,11189,661,54
2019-01-23,8361,704,40
2019-01-24,7675,581,33
2019-01-25,8007,868,24
2019-01-26,6430,1480,22
2019-01-27,5784,1337,19
2019-01-28,8365,846,29
2019-01-29,8144,666,28
2019-01-30,9140,659,69
2019-01-31,11510,753,133
2019-02-01,9430,828,67
2019-02-02,7263,1360,26
2019-02-03,5891,1376,10
2019-02-04,8140,825,50
2019-02-05,8027,963,49
2019-02-06,8156,733,64
2019-02-07,7599,852,45
2019-02-08,7296,853,34
2019-02-09,6127,1294,27
2019-02-10,5864,1332,22
2019-02-11,7887,710,21
2019-02-12,7427,688,39
2019-02-13,7569,690,20
2019-02-14,7275,935,34
2019-02-15,7220,1024,43
2019-02-16,5447,1374,20
2019-02-17,5268,1301,21
2019-02-18,5730,824,22
2019-02-19,8280,793,24
2019-02-20,7298,772,36
2019-02-21,7398,918,19
2019-02-22,7113,970,18
2019-02-23,5602,1436,18
2019-02-24,5519,1236,27
2019-02-25,9198,662,26
2019-02-26,8728,696,20
2019-02-27,8087,679,29
2019-02-28,7596,715,27
2019-03-01,6932,815,21
2019-03-02,5369,1215,23
2019-03-03,5154,1187,16
2019-03-04,7511,705,18
2019-03-05,8099,771,15
2019-03-06,8234,665,19
2019-03-07,8272,707,36
2019-03-08,7315,963,22
2019-03-09,5823,1488,29
2019-03-10,5633,1252,30
2019-03-11,8238,933,31
2019-03-12,7775,815,16
2019-03-13,8003,856,47
2019-03-14,7702,887,48
2019-03-15,7482,1145,60
2019-03-16,5914,1550,26
2019-03-17,5754,1436,15
2019-03-18,8117,816,16
2019-03-19,8150,858,27
2019-03-20,8022,969,45
2019-03-21,7399,952,39
2019-03-22,7761,837,30
2019-03-23,6209,1500,18
2019-03-24,5756,1618,25
2019-03-25,8389,907,51
2019-03-26,8144,887,29
2019-03-27,8224,832,26
2019-03-28,7720,982,56
2019-03-29,7578,1299,41
2019-03-30,6224,2128,54
2019-03-31,5703,1592,22
2019-04-01,8457,862,23
2019-04-02,8014,923,28
2019-04-03,7922,1027,71
2019-04-04,7891,1042,27
2019-04-05,7147,931,40
2019-04-06,6114,2196,51
2019-04-07,6289,2033,56
2019-04-08,8551,1255,70
2019-04-09,8337,931,60
2019-04-10,7461,1001,55
2019-04-11,7990,968,57
2019-04-12,7238,1076,68
2019-04-13,6988,2728,65
2019-04-14,6635,2493,69
2019-04-15,8475,773,43
2019-04-16,8304,921,63
2019-04-17,8199,1051,68
2019-04-18,7585,897,55
2019-04-19,6672,1331,75
2019-04-20,5552,1678,34
2019-04-21,5357,2093,44
2019-04-22,7625,953,60
2019-04-23,7570,1130,64
2019-04-24,8279,1229,60
2019-04-25,6907,938,61
2019-04-26,6946,923,45
2019-04-27,6403,1877,55
2019-04-28,6413,1824,56
2019-04-29,8731,926,75
2019-04-30,8618,1049,87
2019-05-01,8230,964,59
2019-05-02,8060,1113,63
2019-05-03,8112,1327,49
2019-05-04,6250,2529,52
2019-05-05,5457,1667,40
2019-05-06,8668,1243,56
2019-05-07,8476,1121,70
2019-05-08,8382,1258,81
2019-05-09,8032,1043,88
2019-05-10,7920,1590,77
2019-05-11,6886,2712,46
2019-05-12,5637,1618,31
2019-05-13,8556,776,61
2019-05-14,8162,792,59
2019-05-15,8573,1234,61
2019-05-16,8414,1506,77
2019-05-17,8482,1659,65
2019-05-18,7499,3360,60
2019-05-19,7521,3286,63
2019-05-20,9208,1496,90
2019-05-21,8898,1377,89
2019-05-22,8834,1589,91
2019-05-23,8310,1279,86
2019-05-24,8379,1642,67
2019-05-25,6069,2575,51
2019-05-26,6661,3364,55
2019-05-27,7757,3614,45
2019-05-28,8948,1190,89
2019-05-29,8382,794,105
2019-05-30,8278,793,80
2019-05-31,9011,1818,95
2019-06-01,8133,3639,76
2019-06-02,7406,2920,73
2019-06-03,9870,1431,83
2019-06-04,9126,1588,105
2019-06-05,8640,1299,86
2019-06-06,8894,1470,103
2019-06-07,9553,2074,111
2019-06-08,8099,3546,93
2019-06-09,7418,3421,58
2019-06-10,7855,951,95
2019-06-11,8883,1245,105
2019-06-12,8278,1458,104
2019-06-13,7773,1126,73
2019-06-14,8717,1872,85
2019-06-15,7817,3817,64
2019-06-16,7880,3616,58
2019-06-17,9266,1360,106
2019-06-18,8316,839,83
2019-06-19,8339,968,113
2019-06-20,8498,959,95
2019-06-21,9500,1778,111
2019-06-22,8145,3676,92
2019-06-23,8182,3595,68
2019-06-24,9446,1513,95
2019-06-25,9604,1197,99
2019-06-26,9464,1405,112
2019-06-27,9297,1351,118
2019-06-28,3700,593,30
2019-06-29,4410,1450,41
2019-06-30,5800,2699,55
2019-07-01,6188,1315,87
2019-07-02,6202,977,93
2019-07-03,5839,1211,112
2019-07-04,5723,2477,58
2019-07-05,6374,1942,94
2019-07-06,4814,1794,67
2019-07-07,5160,2009,76
2019-07-08,5986,1101,108
2019-07-09,6513,1057,143
2019-07-10,5903,764,128
2019-07-11,5213,625,109
2019-07-12,6004,1166,123
2019-07-13,5563,2458,78
2019-07-14,5488,2388,85
2019-07-15,6118,1020,93
2019-07-16,6482,948,108
2019-07-17,6494,634,112
2019-07-18,6426,710,96
2019-07-19,6340,1085,107
2019-07-20,6437,2041,123
2019-07-21,6060,1800,93
2019-07-22,6877,619,100
2019-07-23,6939,731,92
2019-07-24,6367,1009,110
2019-07-25,6446,1056,127
2019-07-26,6015,1236,65
2019-07-27,5516,2320,60
2019-07-28,5437,2405,69
2019-07-29,6346,922,106
2019-07-30,6436,804,114
2019-07-31,6158,724,120
2019-08-01,6001,911,96
2019-08-02,6080,1225,111
2019-08-03,5479,2164,91
2019-08-04,4879,1760,86
2019-08-05,6030,973,131
2019-08-06,6076,895,128
2019-08-07,5694,580,117
2019-08-08,5904,825,136
2019-08-09,5977,1288,113
2019-08-10,5791,2730,79
2019-08-11,5746,2566,84
2019-08-12,6155,1034,99
2019-08-13,5592,803,83
2019-08-14,5697,795,139
2019-08-15,5684,1019,109
2019-08-16,5936,1440,117
2019-08-17,5818,2598,99
2019-08-18,5104,1990,77
2019-08-19,6371,912,126
2019-08-20,6011,858,122
2019-08-21,5867,799,122
2019-08-22,5813,740,120
2019-08-23,6329,1347,101
2019-08-24,6400,3141,71
2019-08-25,6046,2802,74
2019-08-26,5981,1170,94
2019-08-27,6652,1226,122
2019-08-28,5790,853,124
2019-08-29,5989,1212,113
2019-08-30,5854,1637,108
2019-08-31,5802,2770,79
2019-09-01,6303,3496,100
2019-09-02,5103,2128,71
2019-09-03,6146,1078,144
2019-09-04,6301,910,157
2019-09-05,6699,1132,150
2019-09-06,5952,1072,107
2019-09-07,6498,2878,82
2019-09-08,6162,3052,86
2019-09-09,6314,1158,117
2019-09-10,6749,1087,143
2019-09-11,6167,1042,133
2019-09-12,6185,936,129
2019-09-13,6140,1489,115
2019-09-14,6101,2983,125
2019-09-15,5955,2769,108
2019-09-16,6655,1177,154
2019-09-17,6459,1078,128
2019-09-18,5832,1021,124
2019-09-19,6067,1270,124
2019-09-20,6154,1696,142
2019-09-21,6695,3196,106
2019-09-22,6117,2706,112
2019-09-23,6249,962,162
2019-09-24,6005,940,148
2019-09-25,6021,1108,148
2019-09-26,5971,1027,108
2019-09-27,6121,1764,123
2019-09-28,5927,2778,125
2019-09-29,5204,2505,120
2019-09-30,5451,1185,134
2019-10-01,5827,1116,182
2019-10-02,5600,851,152
2019-10-03,5220,854,99
2019-10-04,5591,1252,137
2019-10-05,5575,2089,98
2019-10-06,4908,2099,117
2019-10-07,5962,997,177
2019-10-08,5537,960,150
2019-10-09,5580,932,121
2019-10-10,5613,1040,116
2019-10-11,5411,1154,133
2019-10-12,5246,2285,92
2019-10-13,5123,2257,96
2019-10-14,4447,1281,113
2019-10-15,5731,1201,128
2019-10-16,5383,774,116
2019-10-17,7833,806,101
2019-10-18,7341,1212,105
2019-10-19,6136,1993,75
2019-10-20,5100,1636,73
2019-10-21,6308,1106,136
2019-10-22,5477,861,135
2019-10-23,5617,997,114
2019-10-24,5864,1127,88
2019-10-25,6406,1576,105
2019-10-26,5606,2487,87
2019-10-27,5338,2000,87
2019-10-28,6062,1086,118
2019-10-29,6002,989,133
2019-10-30,5844,962,139
2019-10-31,5934,1110,180
2019-11-01,7372,1242,115
2019-11-02,6311,1878,117
2019-11-03,6131,1643,94
2019-11-04,6679,846,141
2019-11-05,6161,949,145
2019-11-06,6590,907,160
2019-11-07,6677,835,116
2019-11-08,7295,911,84
2019-11-09,6784,1363,65
2019-11-10,5120,1379,77
2019-11-11,4976,998,108
2019-11-12,6876,738,109
2019-11-13,7723,685,83
2019-11-14,6771,834,81
2019-11-15,5683,983,110
2019-11-16,5458,1411,73
2019-11-17,5247,1192,70
2019-11-18,6120,690,138
2019-11-19,5865,726,133
2019-11-20,5886,703,126
2019-11-21,5747,827,134
2019-11-22,5348,939,82
2019-11-23,5183,1429,117
2019-11-24,4625,1159,67
2019-11-25,5816,789,136
2019-11-26,5788,860,170
2019-11-27,5114,895,129
2019-11-28,3898,1091,43
2019-11-29,4681,938,47
2019-11-30,4821,1161,48
2019-12-01,4880,1041,52
2019-12-02,6104,606,74
2019-12-03,5836,622,69
2019-12-04,5627,716,67
2019-12-05,5766,772,72
2019-12-06,5495,940,59
2019-12-07,5103,1444,53
2019-12-08,4998,1370,79
2019-12-09,6172,680,77
2019-12-10,5940,724,79
2019-12-11,5470,780,51
2019-12-12,6364,865,53
2019-12-13,5303,904,77
2019-12-14,5065,1401,59
2019-12-15,5118,1521,35
2019-12-16,6387,805,78
2019-12-17,6228,719,56
2019-12-18,6018,755,54
2019-12-19,7352,712,88
2019-12-20,6579,929,62
2019-12-21,5364,1345,42
2019-12-22,4520,1341,36
2019-12-23,5245,868,58
2019-12-24,4388,1072,41
2019-12-25,3645,1279,22
2019-12-26,4590,793,66
2019-12-27,4857,951,73
2019-12-28,4240,1315,59
2019-12-29,4152,1217,56
2019-12-30,5476,819,76
2019-12-31,5070,1032,55
2020-01-01,4443,1623,42
2020-01-02,6375,873,77
2020-01-03,5628,981,89
2020-01-04,4592,1259,61
2020-01-05,4679,1305,42
2020-01-06,6028,824,75
2020-01-07,5752,752,78
2020-01-08,5666,680,67
2020-01-09,6401,859,89
2020-01-10,5795,1012,81
2020-01-11,5111,1864,96
2020-01-12,4766,1685,63
2020-01-13,5843,858,103
2020-01-14,5689,808,129
2020-01-15,5456,916,112
2020-01-16,5631,807,97
2020-01-17,6295,949,74
2020-01-18,5157,1190,47
2020-01-19,4045,1232,39
2020-01-20,4998,921,39
2020-01-21,6446,799,59
2020-01-22,5587,868,59
2020-01-23,5626,875,86
2020-01-24,5168,948,74
2020-01-25,4845,1290,37
2020-01-26,4431,1434,41
2020-01-27,5182,779,71
2020-01-28,5486,829,69
2020-01-29,5432,779,60
2020-01-30,5698,753,39
2020-01-31,5308,1015,61
2020-02-01,4565,1515,47
2020-02-02,4176,1309,37
2020-02-03,5583,973,100
2020-02-04,5351,782,116
2020-02-05,5360,771,62
2020-02-06,5066,711,85
2020-02-07,5551,813,68
2020-02-08,4862,1373,45
2020-02-09,4537,1394,78
2020-02-10,5120,752,94
2020-02-11,4972,754,64
2020-02-12,176,103,10
